id;date;vent_direction;vent_vitesse;humidite;pluie_12;pluie_24;temperature;point_rosee;hpa
7015;20190801120000;270;3.8;57;0;0;23.1;14.1;1011.7
7015;20190802120000;320;6;57;0;0;22.8;13.8;1011.9
7015;20190803120000;350;2.2;59;0;0;22.6;14.2;1013.9
7015;20190804120000;90;1.8;45;0;0;26.1;13.2;1009.3
7015;20190805120000;220;6.6;45;0;0;24.5;11.8;1006.2
7015;20190806120000;220;4.8;50;0;-0.1;22.2;11.3;1005.3
7015;20190807120000;240;7.7;50;-0.1;-0.1;23.2;12.2;1002.7
7015;20190808120000;210;3.7;66;0.4;0.4;21.7;15.1;1007.2
7015;20190809120000;180;5.5;80;6.4;6.6;23.9;20.2;1000
7015;20190810120000;220;10.4;43;0;0.2;23.4;10.1;1005.7
7015;20190811120000;210;6.1;53;0;0;19.8;9.9;1009.3
7015;20190812120000;260;4.4;84;3.8;3.8;16;13.3;1009.5
7015;20190813120000;220;6.2;71;0.4;2;16.6;11.3;1013.6
7015;20190814120000;190;6.4;61;0.2;0.2;19.5;11.8;1011.6
7015;20190815120000;240;8.2;75;3.6;7.8;19.4;14.9;1007.1
7015;20190816120000;200;7.2;52;0;0.6;21.9;11.6;1010
7015;20190817120000;200;6.7;78;0.2;0.8;20.9;16.9;1001.7
7015;20190818120000;240;6.7;74;11.9;12.5;19.1;14.4;1001.4
7015;20190819120000;250;9.8;57;0.6;0.6;19;10.3;1011.8
7015;20190820120000;260;6.1;49;0.2;0.2;20.9;9.8;1017.8
7015;20190821120000;170;1.6;43;0;0;21.6;8.5;1022.1
7015;20190822120000;260;3.1;42;0.2;0.2;24;10.3;1020.2
7015;20190823120000;100;1.6;39;0;0;25.3;10.3;1019.2
7015;20190824120000;90;3.1;35;0;0;28.9;11.9;1013.9
7015;20190825120000;80;1.6;36;0;0;30.5;13.7;1012.9
7015;20190826120000;80;2.2;33;0;0;31.4;13.2;1012.3
7015;20190827120000;130;2.7;32;0;0;32.8;13.9;1008.6
7015;20190828120000;200;3.8;47;0;0;27.9;15.5;1009
7015;20190829120000;260;6;51;0;0.4;21.2;10.7;1015.7
7015;20190830120000;220;3.3;39;0.2;0.2;23.2;8.5;1017.5
7015;20190831120000;130;3.8;35;0;0;29.2;12.2;1004.9
7015;20190901120000;270;5.4;38;0;0;21.3;6.4;1011.6
7015;20190902120000;280;2.9;34;0;0;20.8;4.4;1019.3
7015;20190903120000;280;5.1;64;0.2;0.2;18.8;11.8;1019.3
7015;20190904120000;240;6.9;82;0.4;0.4;16.9;13.8;1010.2
7015;20190905120000;310;6.5;46;-0.1;2;17.7;5.9;1018.8
7015;20190906120000;250;6.5;48;0;0;19.1;7.8;1017.6
7015;20190907120000;320;6.3;59;0.2;2.6;17.6;9.5;1014.5
7015;20190908120000;320;5.4;57;1;2.8;15.9;7.4;1015.5
7015;20190909120000;200;5.7;55;0.2;1.6;15.7;6.7;1009.5
7015;20190910120000;340;3.3;42;0;0;20.4;7;1013.4
7015;20190911120000;220;7.1;66;-0.1;-0.1;18.1;11.6;1017.1
7015;20190912120000;260;6.3;55;-0.1;0.4;23.1;13.6;1023.9
7015;20190913120000;10;3.6;69;0.2;0.2;21.1;15.2;1027.6
7015;20190914120000;70;2.1;45;0;0;22.4;9.9;1025.8
7015;20190915120000;240;2.7;44;0.2;0.2;24.2;11.2;1018.9
7015;20190916120000;290;3.4;68;0;0;21;14.9;1015.3
7015;20190917120000;320;4.6;49;0;-0.1;19.8;8.8;1017.7
7015;20190918120000;40;4;45;0;0;17.8;5.7;1022.3
7015;20190919120000;40;5.5;51;0;0;17.3;7.1;1025.1
7015;20190920120000;80;5.4;33;0;0;19.8;3;1020.3
7015;20190921120000;150;5.9;39;0;0;24.6;9.7;1008.6
7015;20190922120000;170;8.1;50;0;0;25.8;14.6;999.8
7015;20190923120000;250;4.4;62;0.2;7.2;18.8;11.4;1009.3
7015;20190924120000;140;6.9;96;7.5;7.7;15.2;14.6;999.8
7015;20190925120000;200;6.4;88;3.2;5.2;16.3;14.3;999.3
7015;20190926120000;210;7.2;72;1.8;3.4;20.3;15.1;1001.7
7015;20190927120000;220;7;62;0;5.2;18.2;10.8;1002.9
7015;20190928120000;230;8.7;85;0;0;15.7;13.2;1007.2
7015;20190929120000;200;9.4;76;1.4;2.2;19;14.7;993.6
7015;20190930120000;220;5;66;0.2;3;17.4;11;1008.1
7015;20191001120000;220;5.9;77;20;21;18.5;14.4;995.6
7015;20191002120000;300;8.9;60;0.2;1.2;14.1;6.4;1010.2
7015;20191003120000;190;2.6;56;0;0;13.2;4.6;1013.5
7015;20191004120000;280;7.5;63;3;3.2;16.1;9;999.7
7015;20191005120000;70;3.2;76;-0.1;1.8;12.6;8.5;1010.2
7015;20191006120000;250;9.7;69;2.6;2.6;17.6;11.8;1002.7
7015;20191007120000;200;2.5;80;0.4;9.3;14.2;10.8;1011.4
7015;20191008120000;250;5.4;92;7;7.6;13.9;12.6;1002.8
7015;20191009120000;220;7.4;89;3.4;3.4;11.5;9.7;1001
7015;20191010120000;250;6.2;66;0;8.7;15.3;9;1009.8
7015;20191011120000;200;10;76;0;0.2;15.9;11.7;1006.5
7015;20191012120000;200;6.4;72;0;0;18.1;13;1004.9
7015;20191013120000;190;8.6;65;0.8;0.8;22.5;15.6;1000
7015;20191014120000;150;5.3;71;0.2;1.4;19.4;14;1001.5
7015;20191015120000;200;5.2;77;-0.1;0.4;15.4;11.4;1000.7
7015;20191016120000;190;7.3;92;3.6;3.6;14.5;13.2;1000.7
7015;20191017120000;200;4.9;74;0.2;10.7;14.8;10.2;1004
7015;20191018120000;220;10.2;65;1.4;3;14.2;7.7;1000.5
7015;20191019120000;190;6.8;72;3.2;3.2;14.5;9.5;998.2
7015;20191020120000;10;3.4;90;0.6;0.6;12.5;10.9;1002.9
7015;20191021120000;170;3.8;86;3.7;8.1;12.8;10.5;1009.7
7015;20191022120000;220;1.2;73;0;0;14.4;9.6;1019.2
7015;20191023120000;60;3.9;76;0.2;0.2;15.1;10.9;1007
7015;20191024120000;180;9.3;64;0;-0.1;18.8;11.8;1000.8
7015;20191025120000;170;7.1;77;0.2;1.6;14.7;10.7;1012.9
7015;20191026120000;190;9.9;63;0;0;18.5;11.3;1007
7015;20191027120000;330;4;67;1;3.6;10.9;5;1017.3
7015;20191028120000;70;3.3;66;0;0.2;12.3;6.1;1018
7015;20191029120000;70;6.2;67;0;0;11.1;5.2;1018.8
7015;20191030120000;60;5.7;75;0;0;7.7;3.5;1018.9
7015;20191031120000;90;3.3;75;0.2;0.2;8.9;4.7;1013.8
7015;20191101120000;160;5.8;97;1.2;1.2;11.9;11.4;996.8
7015;20191102120000;200;11.1;61;1;3.8;14.8;7.3;982.8
7015;20191103120000;340;3.5;97;5.6;5.6;10.9;10.4;977
7015;20191104120000;200;7.4;75;1.2;1.4;12.5;8.2;981.6
7015;20191105120000;220;2.4;78;0;1.4;10.6;6.9;990.8
7015;20191106120000;340;3;91;2;2.2;9;7.6;998.9
7015;20191107120000;230;7.8;74;5.8;5.8;10.5;6.1;989.1
7015;20191108120000;240;1.5;83;0.2;0.4;7.6;4.9;1000.2
7015;20191109120000;220;3.1;65;0.2;0.4;8.9;2.7;1002.5
7015;20191110120000;70;3.3;75;0;0.2;7.9;3.7;1006.4
7015;20191111120000;190;8;91;2.6;2.8;6.8;5.4;995.7
7015;20191112120000;200;6.8;77;0.2;0.2;7.2;3.4;995.1
7015;20191113120000;220;4.3;68;0.6;1.4;9.8;4.2;996.1
7015;20191114120000;170;4.4;73;3.8;3.8;6.7;2.2;993.1
7015;20191115120000;60;5.9;88;-0.1;-0.1;3.7;1.9;993.7
7015;20191116120000;150;3.7;81;0;-0.1;5.9;2.9;1001.4
7015;20191117120000;40;3.1;67;0;0;8.3;2.5;1005
7015;20191118120000;280;4.3;94;0.6;0.6;7.4;6.5;1004.6
7015;20191119120000;230;1.9;71;0.2;2.2;6.4;1.5;1012.7
7015;20191120120000;100;3.9;77;0;0;4.8;1.1;1009.5
7015;20191121120000;120;3.7;90;0;0;3.5;2;1000
7015;20191122120000;140;6;73;0;0.4;10.3;5.7;995.4
7015;20191123120000;70;6.2;79;1.8;1.8;9.6;6.1;989.2
7015;20191124120000;200;3.1;99;0;0;7.7;7.6;1001.6
7015;20191125120000;150;5.2;89;0;0;9;7.3;1001.2
7015;20191126120000;170;7;92;0.2;0.2;10.8;9.6;995
7015;20191127120000;190;8.3;82;7.3;10.1;11;8;981.8
7015;20191128120000;250;7.9;80;3.8;7.6;11.2;7.9;989.3
7015;20191129120000;310;3;73;0.8;2.8;8.5;3.9;1009.1
7015;20191130120000;110;2.7;83;0.2;0.6;5.9;3.2;1017.1
7015;20191201120000;40;7;75;0;0;3.8;-0.2;1013.1
7015;20191202120000;280;2.8;88;-0.1;-0.1;6.2;4.4;1023.7
7015;20191203120000;190;2.6;82;0.2;0.4;6.1;3.3;1023.2
7015;20191204120000;120;2.2;73;0.2;0.2;5.5;1;1015.3
7015;20191205120000;190;4.4;100;0;0;0.9;0.9;1016.5
7015;20191206120000;190;8.8;92;6.9;7.1;6.5;5.3;1004.5
7015;20191207120000;230;4;72;0;0.8;10;5.2;1010.1
7015;20191208120000;250;10.1;72;2.4;2.4;11.5;6.6;998.7
7015;20191209120000;300;8.6;78;4;5.6;7.6;4;1000.5
7015;20191210120000;180;8.8;76;0;1;5.7;1.8;1016.6
7015;20191211120000;190;3.4;91;2.2;2.2;7.7;6.3;1001.4
7015;20191212120000;170;8.2;86;0;0.6;4.4;2.3;992
7015;20191213120000;270;11.4;91;8.8;13.6;6.4;5;975.4
7015;20191214120000;220;6;93;4.8;5;6.7;5.6;988.9
7015;20191215120000;220;8.8;66;1.4;1.4;9.7;3.6;996.4
7015;20191216120000;170;3.8;92;-0.1;-0.1;8.5;7.3;998.4
7015;20191217120000;190;8.6;71;0;1.4;13.8;8.6;993.8
7015;20191218120000;150;5.6;91;0;0.4;7.2;5.8;1009.6
7015;20191219120000;160;7;77;0;0;12.1;8.2;998.3
7015;20191220120000;230;9.2;72;13.3;13.7;11.6;6.7;977.7
7015;20191221120000;180;9.2;81;-0.1;-0.1;9.1;6;981.6
7015;20191222120000;260;8.8;92;5.2;7.6;8.2;7;980.3
7015;20191223120000;260;9.2;71;0.8;1.8;10.4;5.4;1004.5
7015;20191224120000;250;12.4;75;1.4;1.4;11.7;7.4;1004.4
7015;20191225120000;270;4.9;83;1.2;5.2;7.6;4.9;1018.9
7015;20191226120000;160;4.8;87;0.8;0.8;5.1;3.1;1015.2
7015;20191227120000;360;2.5;87;0.2;5.6;8.5;6.5;1023.1
7015;20191228120000;150;2.6;83;0;0;7.6;4.9;1032.8
7015;20191229120000;160;4.2;73;0.2;0.2;4.5;0.1;1030.1
7015;20191230120000;190;4.7;61;0;0;5.9;-1.1;1025.9
7015;20191231120000;70;2.4;70;0;0;4.9;-0.1;1027.9
7015;20200101120000;160;4.4;95;0;-0.1;1.4;0.7;1025.5
7015;20200102120000;170;3.9;99;0.2;0.2;4.2;4.1;1019.3
7015;20200103120000;230;7.5;94;0.6;0.6;10;9.1;1013.3
7015;20200104120000;270;6.5;77;0;2.6;8.3;4.5;1027.3
7015;20200105120000;230;2.7;83;0;0;7.2;4.5;1029.5
7015;20200106120000;160;5.7;75;0;-0.1;6.4;2.3;1017.7
7015;20200107120000;180;5.5;92;-0.1;-0.1;7.8;6.6;1021.8
7015;20200108120000;230;4.4;98;-0.1;-0.1;12;11.7;1018.5
7015;20200109120000;190;9.5;88;-0.1;-0.1;12.8;10.9;1005.1
7015;20200110120000;300;7.3;91;0;0;7;5.6;1018
7015;20200111120000;190;7.5;75;0;0;6.9;2.8;1024.4
7015;20200112120000;200;7.4;86;0;0;8.4;6.2;1015.5
7015;20200113120000;180;6.4;86;0;0;7.8;5.6;1009.7
7015;20200114120000;190;11.1;79;-0.1;-0.1;10.8;7.3;998.9
7015;20200115120000;190;9.6;73;0;-0.1;10.4;5.8;1004
7015;20200116120000;160;6.1;95;-0.1;0.4;7.9;7.1;1016
7015;20200117120000;230;7.1;74;0.4;0.4;10.5;6.1;1008.6
7015;20200118120000;270;4.2;73;-0.1;0;7.1;2.6;1021.4
7015;20200119120000;360;5.6;72;0.8;0.8;7.4;2.7;1035.6
7015;20200120120000;240;2.1;100;0.2;0.2;2.8;2.8;1042.6
7015;20200121120000;190;1;100;0.2;0.2;0.8;0.8;1036.8
7015;20200122120000;90;1.5;100;0.2;0.2;1.8;1.8;1031.5
7015;20200123120000;50;4;92;0;0;3.6;2.4;1025.4
7015;20200124120000;140;1;85;0;-0.1;1.2;-1;1018.7
7015;20200125120000;160;3;100;0;0;1.6;1.6;1015.9
7015;20200126120000;180;6.1;88;0;0;7.4;5.5;1009.1
7015;20200127120000;200;6.7;88;-0.1;1.6;9;7.1;999.7
7015;20200128120000;260;9.8;64;2.4;7.6;6.8;0.5;993.2
7015;20200129120000;270;7.2;67;0;1.8;8;2.2;1005.5
7015;20200130120000;170;6.9;90;-0.1;-0.1;7.6;6.1;1001.1
7015;20200131120000;210;5.2;87;0;0.8;12.1;10;1005.9
7015;20200201120000;240;9.7;85;7.1;7.1;11.7;9.3;1000.9
7015;20200202120000;250;11;88;6;6;12.5;10.6;1002.9
7015;20200203120000;240;5.7;87;-0.1;1;10.6;8.5;1010.7
7015;20200204120000;280;9.5;62;-0.1;8.3;7.3;0.5;1013.6
7015;20200205120000;40;1.1;61;0.6;2;7.9;0.8;1031.8
7015;20200206120000;180;1.6;66;0;0;8;2;1026.7
7015;20200207120000;150;5.5;63;0.2;0.2;7.3;0.7;1016.5
7015;20200208120000;200;2.9;96;2;2;8.5;7.9;1013.4
7015;20200209120000;190;14.5;77;0;2.2;10.3;6.4;997.4
7015;20200210120000;230;14.2;62;2.2;5.4;9.9;3;999.7
7015;20200211120000;250;12.9;60;-0.1;4.6;8.3;1;1003.9
7015;20200212120000;270;8.2;67;1.8;1.8;7.2;1.5;1011.4
7015;20200213120000;210;9;75;9.1;9.1;9.5;5.3;991.6
7015;20200214120000;190;5.3;72;-0.1;0.8;9.7;4.9;1016.3
7015;20200215120000;180;9.8;79;0;0;11.4;7.9;1009.5
7015;20200216120000;190;16;72;2.6;2.8;14.9;9.9;994.8
7015;20200217120000;240;14.8;71;0.4;7.6;7.3;2.4;1008.2
7015;20200218120000;240;10.7;72;-0.1;3.8;8.8;4;1017.8
7015;20200219120000;260;7.6;55;0.6;5.4;8.6;0.1;1017.8
7015;20200220120000;200;11.2;72;-0.1;2.4;10.4;5.6;1007.7
7015;20200221120000;220;8;73;0;3.4;8.5;3.9;1022
7015;20200222120000;220;8.2;79;0;0;9.7;6.2;1016.8
7015;20200223120000;240;15.3;86;0.4;0.4;12.3;10;1010.5
7015;20200224120000;220;7.9;89;0.4;1.6;11.6;9.8;1008.1
7015;20200225120000;240;8.7;67;0.2;1.4;9.5;3.7;996.8
7015;20200226120000;280;8.4;67;0;4.4;5.6;-0.1;998.6
7015;20200227120000;350;4.4;95;7.5;7.5;0.7;0;986.6
7015;20200228120000;180;9.5;74;0;2.2;5.8;1.5;1008
7015;20200229120000;250;11.7;83;-0.1;4.6;7.4;4.7;982.7
7015;20200301120000;210;9.3;61;0.8;1;9.1;2;988.2
7015;20200302120000;260;4.2;88;2.2;2.6;7.8;5.9;982
7015;20200303120000;220;4.9;71;0;0;7.6;2.7;997.3
7015;20200304120000;170;4.2;79;0;0.6;7.7;4.3;1005.5
7015;20200305120000;90;4.4;98;4.8;9;8.2;7.9;984.4
7015;20200306120000;310;8.3;71;2.6;14.7;8.1;3.2;997.3
7015;20200307120000;240;5.6;64;0;0.4;9.8;3.3;1014
7015;20200308120000;200;9.4;84;0.2;0.2;10.1;7.5;1004.6
7015;20200309120000;260;7.1;60;0.4;1.8;11;3.5;1009.6
7015;20200310120000;240;11.5;88;15.6;19.2;12.5;10.6;1002.9
7015;20200311120000;240;10.1;82;2.4;3;13.3;10.3;1008.7
7015;20200312120000;240;10.6;45;1.4;5.6;11.1;-0.4;1008.8
7015;20200313120000;260;8.6;54;0;0.8;10.8;1.9;1015
7015;20200314120000;170;5.5;90;0.2;0.2;7.5;6;1012.6
7015;20200315120000;190;8.1;73;0;2;10.4;5.8;1006.2
7015;20200316120000;310;1.5;70;0.2;0.2;11.3;6;1015.9
7015;20200317120000;230;5.5;47;0.2;0.2;12.6;1.6;1025.3
7015;20200318120000;230;5;40;0;0;15.8;2.2;1021.8
7015;20200319120000;30;3.7;76;0;0;11.3;7.2;1019.6
7015;20200320120000;40;7.1;77;-0.1;-0.1;8.3;4.5;1019.7
7015;20200321120000;80;8.1;59;-0.1;4.2;8.7;1.1;1018.6
7015;20200322120000;70;9.9;39;0;0;9;-4.2;1019.9
7015;20200323120000;80;5.8;31;0;0;9.2;-7.1;1022.8
7015;20200324120000;110;4.1;32;0;0;10;-6;1023
7015;20200325120000;40;4.3;30;0;0;9.7;-7.1;1019
7015;20200326120000;50;7.5;35;0;0;10.2;-4.6;1014.8
7015;20200327120000;10;5.2;44;0;0;11;-0.8;1013.7
7015;20200328120000;20;8.4;48;0;0;13.1;2.3;1017.3
7015;20200329120000;30;13.1;34;0.6;0.6;6.9;-7.9;1025.3
7015;20200330120000;30;5.9;48;0;0;8;-2.4;1025.2
7015;20200331120000;40;6.5;40;0;0;8.4;-4.4;1024
7015;20200401120000;80;2.6;38;0;0;9.7;-4;1016
7015;20200402120000;250;4.3;46;0;0;10.2;-0.9;1009.8
7015;20200403120000;290;4.3;51;0;0;11.2;1.4;1013
7015;20200404120000;190;4;46;0;0;14.4;2.9;1016.6
7015;20200405120000;140;6.8;37;0;0;19.4;4.3;1011.3
7015;20200406120000;200;6.9;42;0;0;17.4;4.3;1014.2
7015;20200407120000;60;4.1;43;0;0.2;18.4;5.6;1023.8
7015;20200408120000;150;1.9;38;0;0;23.8;8.6;1017.9
7015;20200409120000;50;4.1;45;0;0;21.7;9.2;1019
7015;20200410120000;50;4.9;40;0;0;20.9;6.8;1019.1
7015;20200411120000;50;2.3;36;0;0;21.5;5.8;1016.8
7015;20200412120000;190;3.5;28;0;0;23.9;4.3;1008.9
7015;20200413120000;20;10;53;0;0.2;10.7;1.5;1017.7
7015;20200414120000;70;4.8;49;0;0;9.4;-0.8;1022
7015;20200415120000;80;3.2;40;0;0;14.7;1.2;1017.2
7015;20200416120000;150;4.5;42;0;0;20.8;7.4;1009.9
7015;20200417120000;50;4.5;52;0;0;19.8;9.7;1009.1
7015;20200418120000;300;1.6;80;17.3;26.8;15.7;12.3;1010.7
7015;20200419120000;50;5.8;67;0;0;15.8;9.7;1011.7
7015;20200420120000;70;9.2;43;0;0;17.4;4.7;1008.7
7015;20200421120000;60;9.1;36;0;0;18;2.7;1008
7015;20200422120000;70;7;33;0;0;19.3;2.6;1011
7015;20200423120000;40;2.5;27;0;0;22.6;2.6;1012.9
7015;20200424120000;350;3.5;37;0;0;19.5;4.4;1009.4
7015;20200425120000;40;3.2;59;0;0;12.8;5;1009.2
7015;20200426120000;80;1.7;47;0;0;15.9;4.6;1006.4
7015;20200428120000;240;5.6;91;1.8;1.8;13.8;12.4;997.9
7015;20200429120000;190;7.1;58;0;4.3;16.9;8.6;999.5
7015;20200430120000;190;8.1;51;2.4;3.4;14.7;4.7;993.7
7015;20200501120000;240;9.4;56;2.2;5;15.1;6.4;994.9
7015;20200502120000;270;6.6;51;0;0;14.3;4.3;1005.8
7015;20200503120000;130;2.8;54;0;0;16.5;7.2;1011.3
7015;20200504120000;70;4.7;70;0;0.4;14;8.6;1013.3
7015;20200505120000;60;6.8;53;0;0;13.5;4.1;1014.1
7015;20200506120000;100;4.6;34;0;0;17.1;1.1;1018.9
7015;20200507120000;220;2.1;36;0;0;20.5;4.9;1017.5
7015;20200508120000;50;3.1;36;0;0;21.4;5.7;1012.1
7015;20200509120000;60;5;37;0;0;23.6;8.1;1005.8
7015;20200510120000;330;3.7;86;1.6;1.6;17.2;14.8;1000.5
7015;20200511120000;10;11.1;41;0;1.2;12.6;-0.3;1007.1
7015;20200512120000;40;3.2;47;0;0;11.2;0.3;1014
7015;20200513120000;360;6.3;56;0;0;12.5;4;1007.5
7015;20200514120000;50;6.6;33;0;0;13;-2.9;1014.4
7015;20200515120000;30;5.9;37;0;0;14.3;-0.2;1017.3
7015;20200516120000;260;4.6;45;0;0;17.2;5.2;1018.3
7015;20200517120000;300;2.9;40;0;0;18.4;4.5;1019.4
7015;20200518120000;260;4.8;33;0;0;21.2;4.3;1018.8
7015;20200519120000;290;3.3;49;0;0;22.1;10.9;1017.6
7015;20200520120000;70;3.5;49;0;0;23.9;12.5;1017.2
7015;20200521120000;180;2.4;43;0;0;26.9;13.3;1014.7
7015;20200522120000;260;7.3;71;-0.1;-0.1;18.4;13;1014
7015;20200523120000;260;9.3;47;-0.1;0.4;17;5.6;1019.2
7015;20200524120000;270;7.1;57;0;0;17.2;8.6;1025.5
7015;20200525120000;30;2.7;46;0;-0.1;20.5;8.5;1029.1
7015;20200526120000;20;2.8;38;0;0;23.8;8.6;1029.5
7015;20200527120000;360;5.6;38;0;0;23.1;8;1028.2
7015;20200528120000;60;6.1;32;0;0;20.7;3.4;1026.5
7015;20200529120000;50;4.4;30;0;0;22.1;3.7;1020.7
7015;20200530120000;50;4.9;28;0;0;23.6;4;1016.1
7015;20200531120000;50;6.1;32;0;0;22;4.5;1015.3
7015;20200601120000;60;4.4;36;0;0;24.5;8.4;1014.7
7015;20200602120000;260;2.7;33;0;0;26.8;9.2;1011.2
7015;20200603120000;340;4.3;34;0;0;21.9;5.3;1000.4
7015;20200604120000;340;5.7;85;-0.1;-0.1;13.5;11;994.6
7015;20200605120000;260;10;45;3.2;3.4;16.2;4.2;989
7015;20200606120000;240;10.8;47;1.2;8.9;14.6;3.4;996.1
7015;20200607120000;250;4.2;45;0;1.4;18.2;6.1;1003.8
7015;20200608120000;330;6.1;78;1;1;14.9;11.1;1010.6
7015;20200609120000;10;4.3;55;0;-0.1;15.7;6.7;1014.1
7015;20200610120000;210;2.1;44;0;0;18.7;6.2;1010
7015;20200611120000;30;5.4;64;0.2;0.2;19.7;12.7;1003.7
7015;20200612120000;80;5.1;76;0.8;4.6;18.5;14.2;999.2
7015;20200613120000;160;2.5;48;0;0;23.5;11.9;1004.6
7015;20200614120000;190;4.5;48;0;0;22.4;10.8;1010.2
7015;20200615120000;210;4.7;49;0;0;23.1;11.8;1011.5
7015;20200616120000;180;4.5;50;0;0;22.4;11.5;1009.4
7015;20200617120000;20;3.7;65;0.4;1;20.1;13.3;1006
7015;20200618120000;230;5.4;65;1.8;15.4;20;13.2;1005.5
7015;20200619120000;200;6.3;56;0;3.5;20.5;11.4;1011.3
7015;20200620120000;240;2.2;52;0;0;21.1;10.9;1016.3
7015;20200621120000;220;6.1;62;0;0;20.3;12.8;1013.9
7015;20200622120000;250;2.9;42;0;1.6;21.4;8;1021.6
7015;20200623120000;100;2.7;40;0;0;26;11.4;1019.3
7015;20200624120000;90;5.6;33;0;0;29.9;11.9;1014.6
7015;20200625120000;90;4.3;34;0;0;29.7;12.2;1010.2
7015;20200626120000;170;2.9;71;12.7;12.7;25.2;19.6;1004.9
7015;20200627120000;200;7.3;85;4.2;4.8;18.1;15.5;1004.5
7015;20200628120000;230;8.3;39;0.2;1;20.5;6.1;1008.7
7015;20200629120000;240;10;49;0;0;18.1;7.2;1008.2
7015;20200630120000;200;7.5;67;0;0;19.1;12.8;1004.5
7015;20200701120000;240;6.1;68;12.5;13.5;19.6;13.5;1002.4
7015;20200702120000;250;6.1;60;0.2;0.2;18.4;10.5;1007.3
7015;20200703120000;250;7.3;51;0;0;20.6;10.1;1013.5
7015;20200704120000;210;6.8;74;1.4;1.4;19.6;14.8;1010
7015;20200705120000;240;10.6;68;0.6;0.8;20.5;14.4;1008
7015;20200706120000;290;5.5;57;-0.1;-0.1;17.6;9;1014.2
7015;20200707120000;250;3.7;41;0;0;21.4;7.6;1015
7015;20200708120000;260;5.7;87;2.8;2.8;17.5;15.3;1010.6
7015;20200709120000;240;6.9;60;-0.1;-0.1;22;13.9;1008.8
7015;20200710120000;320;6.7;75;1.8;1.8;16.6;12.1;1011.4
7015;20200711120000;320;5;50;0;0;20;9.3;1020.1
7015;20200712120000;40;3.5;42;0.2;0.2;20.9;7.5;1022.5
7015;20200713120000;290;3.4;31;0;0;24;5.8;1017.7
7015;20200714120000;230;3.7;78;1.6;1.6;19.6;15.7;1009.5
7015;20200715120000;140;2.6;69;1;1.2;19;13.2;1010.1
7015;20200716120000;280;4.7;83;1.2;1.2;16.8;13.9;1013.9
7015;20200717120000;300;2.8;54;0;0.4;23.8;13.9;1016
7015;20200718120000;220;3.4;58;0;0;23.6;14.9;1013.3
7015;20200719120000;270;4.2;54;0;0;22.6;12.8;1011.4
7015;20200720120000;360;6.3;39;0;3.8;21.5;7;1015.7
7015;20200721120000;30;3.7;41;0;0;21.5;7.7;1019.5
7015;20200722120000;350;2.9;43;0;0;20.6;7.6;1018.2
7015;20200723120000;180;4.3;32;0;0;24.8;7;1011.6
7015;20200724120000;310;5;72;0;-0.1;20;14.8;1008.4
7015;20200725120000;210;6;55;-0.1;-0.1;23.3;13.7;1005.6
7015;20200726120000;260;6.6;56;2.4;8.2;21.6;12.4;1007.6
7015;20200727120000;200;7.9;33;0.2;0.2;27.1;9.4;1003.9
7015;20200728120000;250;9.1;49;0.2;0.2;21.2;10.1;1009.5
7015;20200729120000;200;2.7;43;0.2;0.2;22.1;8.9;1015.5
7015;20200730120000;90;1.6;31;0;0;27.9;9.2;1013.8
7015;20200731120000;120;6.2;23;0;0;35.8;11.4;1007.1
7015;20200801120000;270;4.8;51;-0.1;-0.1;25;14.2;1011.1
7015;20200802120000;280;5.4;45;0;0;21.8;9.3;1011.4
7015;20200803120000;280;4;45;0;0;22.2;9.7;1008
7015;20200804120000;220;3.5;37;0;-0.1;23.1;7.6;1012.3
7015;20200805120000;180;6.5;27;0;0;27.8;7.1;1009.6
7015;20200806120000;190;2.3;27;0;0;31;9.8;1012.7
7015;20200807120000;120;3.6;27;0;0;33.8;12.2;1013.2
7015;20200808120000;120;3.2;25;0;0;35.2;12.2;1013.1
7015;20200809120000;70;6.1;28;0;0;34.7;13.5;1010.1
7015;20200810120000;60;2;36;0;4.9;32.9;15.9;1008
7015;20200811120000;80;2.3;36;0;0;32.8;15.8;1009
7015;20200812120000;80;2.6;41;0;0;32;17.1;1007.7
7015;20200813120000;210;3.9;45;-0.1;-0.1;30.5;17.2;1006.3
7015;20200814120000;210;4.9;74;3;5.8;23.1;18.2;1007.8
7015;20200815120000;240;4.9;76;0.4;4;21.9;17.5;1009.5
7015;20200816120000;180;3.1;57;0.2;19.3;26.1;16.9;1004.7
7015;20200817120000;200;6.6;71;1;1.6;19.6;14.2;1004.2
7015;20200818120000;260;4.3;58;0.2;0.4;23.2;14.5;1005.6
7015;20200819120000;180;7.6;54;0;0;25.2;15.2;1001.4
7015;20200820120000;130;4.1;65;0.2;7.3;26.6;19.5;1000.1
7015;20200821120000;220;10.6;39;-0.1;-0.1;27.4;12.2;1003.6
7015;20200822120000;230;6.1;87;1.4;1.4;17.7;15.5;1011
7015;20200823120000;240;7.5;63;0.4;0.4;20.6;13.3;1012.6
7015;20200824120000;210;6.7;80;0.2;0.2;18.5;15;1011.4
7015;20200825120000;180;9;72;1;3.6;19.6;14.4;1000.2
7015;20200826120000;260;10.5;58;-0.1;2.2;20.5;11.9;1009.1
7015;20200827120000;180;3.4;53;0;0;20.7;10.8;1008.5
7015;20200828120000;210;7.4;52;0.2;0.4;20.9;10.7;995.1
7015;20200829120000;190;2.4;80;0.2;1.6;15.8;12.4;999.6
7015;20200830120000;340;4.8;91;6.4;8.6;16.6;15.1;1007
7015;20200831120000;320;4.2;65;0;2.4;17;10.4;1015.2
7015;20200901120000;20;3.9;43;0;0;18.6;5.8;1014.2
7015;20200902120000;190;2.1;46;0;0;19.7;7.7;1014
7015;20200903120000;230;6.3;66;0.2;0.2;21.3;14.7;1013.1
7015;20200904120000;230;3.3;61;1.2;1.2;20.8;13;1016.3
7015;20200905120000;310;5.4;57;0.6;0.6;18.2;9.5;1015.7
7015;20200906120000;290;3.4;43;0;0;19.6;6.7;1014.8
7015;20200907120000;250;4.1;49;0.2;0.2;20.9;9.8;1018.9
7015;20200908120000;200;4.3;78;-0.1;-0.1;19.5;15.6;1020.8
7015;20200909120000;260;4.8;56;0;0;25.2;15.8;1016.6
7015;20200910120000;80;1.4;46;0.2;0.2;21.6;9.5;1016.6
7015;20200911120000;310;2.1;47;0;0;21.8;10;1011.7
7015;20200912120000;280;4.1;54;0;0;20.1;10.5;1015.9
7015;20200913120000;240;3.4;51;0.2;0.2;22.5;11.9;1020.4
7015;20200914120000;110;2.8;40;0;0;28.9;13.9;1016.8
7015;20200915120000;180;3.4;31;0;0;32.7;13.4;1012.5
7015;20200916120000;350;4.6;54;0;0;27.5;17.4;1015.4
7015;20200917120000;50;7.2;39;0;0;19;4.7;1021
7015;20200918120000;60;5.2;47;0;0;21;9.3;1015
7015;20200919120000;130;2.7;43;0;0;27.9;14.2;1009.8
7015;20200920120000;50;5.3;33;0;0;24.2;6.9;1010.7
7015;20200921120000;350;3.1;38;0;0;22.9;7.8;1010.7
7015;20200922120000;180;1.7;46;0.2;0.2;21.8;9.7;1005.4
7015;20200923120000;200;8.5;69;0.4;0.4;19.6;13.8;998.7
7015;20200924120000;220;8;84;0.2;1.6;13.2;10.6;996.1
7015;20200925120000;270;8.6;89;-0.1;0.2;11.5;9.7;992.9
7015;20200926120000;280;9.3;79;0;0;10.8;7.3;999.2
7015;20200927120000;360;9.2;75;0;0;18;13.5;997.6
7015;20200928120000;290;7.9;96;0;0;13.9;13.3;1005.1
7015;20200929120000;190;3.9;93;0;0;16.6;15.5;1011.2
7015;20200930120000;190;5.2;75;0;0.2;18.3;13.8;1006.5
7015;20201001120000;220;5.8;90;11.9;11.9;13.9;12.3;993
7015;20201002120000;80;5.2;92;1.6;2;13.7;12.4;982.8
7015;20201003120000;190;6.6;74;1.6;8.4;14.2;9.6;984.5
7015;20201004120000;180;10.7;69;1.6;1.6;13.6;8;985
7015;20201005120000;200;6.3;82;3.6;7.4;14;11;993
7015;20201006120000;230;8.9;79;7.5;10.5;14.8;11.2;994.5
7015;20201007120000;260;8.3;57;0.2;8.5;15.5;7;1009.3
7015;20201008120000;210;10.2;76;-0.1;-0.1;17.7;13.4;1007.5
7015;20201009120000;300;4;79;0;1.6;14.6;11;1013
7015;20201010120000;250;7.7;58;0.2;2.2;12.8;4.7;1017.3
7015;20201011120000;310;5.4;78;2.2;7.4;13.7;9.9;1016.4
7015;20201012120000;230;2.9;60;0.2;2.2;13.5;5.9;1015.4
7015;20201013120000;130;6.3;94;3.8;3.8;9.8;8.9;1003.2
7015;20201014120000;30;6.4;75;0.2;5.4;11.7;7.4;1013
7015;20201015120000;30;8.9;50;0;0;11.6;1.5;1015.3
7015;20201016120000;20;4.9;62;0;0;10.8;3.8;1017.2
7015;20201017120000;180;1.1;63;-0.1;-0.1;11.7;4.9;1015.5
7015;20201018120000;320;4.9;76;0;0.2;12.3;8.2;1017.7
7015;20201019120000;170;4.9;63;0;-0.1;13.9;7;1014.1
7015;20201020120000;180;5.1;81;0.4;0.4;14.5;11.3;1001.8
7015;20201021120000;190;13.2;66;10.1;10.5;20.1;13.5;992.2
7015;20201022120000;220;4.7;82;0;0;16.2;13.1;1005.8
7015;20201023120000;210;5.3;84;0.2;0.2;16.4;13.7;1004.6
7015;20201024120000;190;8.4;90;0.4;0.4;15.1;13.5;1004.4
7015;20201025120000;190;6.4;82;6.1;6.1;12.5;9.5;995.4
7015;20201026120000;210;9.2;71;0.4;0.6;12.1;7;995.4
7015;20201027120000;180;8.7;83;0.8;1;10.8;8;998.2
7015;20201028120000;200;9.8;71;0.6;2.2;13.4;8.2;1002.1
7015;20201029120000;210;5.7;88;0.4;12.5;12.5;10.6;1012.1
7015;20201030120000;210;7.3;77;0;2.8;15.8;11.8;1015.1
7015;20201031120000;170;6.9;69;0;-0.1;16.3;10.6;1009.9
7015;20201101120000;190;8.7;94;1.2;2.2;16.6;15.6;1002.5
7015;20201102120000;230;10.9;90;3;4;15.9;14.3;1002.5
7015;20201103120000;250;11.3;60;0;0.4;11.6;4.1;1015.3
7015;20201104120000;350;3.1;70;0.2;1.2;10.3;5.1;1027.6
7015;20201105120000;100;1.4;74;0.2;0.2;10.5;6.1;1033.5
7015;20201106120000;80;3.8;61;0;0;10.6;3.4;1024.2
7015;20201107120000;140;2.7;72;0;0;14.4;9.4;1015.9
7015;20201108120000;180;6.3;80;0.2;0.2;15.2;11.8;1014.8
7015;20201109120000;150;2.8;74;0;0;17.1;12.4;1015.9
7015;20201110120000;190;1.7;97;2.4;2.4;11.4;10.9;1019.7
7015;20201111120000;170;5.5;91;0.2;1.2;12.8;11.4;1016.6
7015;20201112120000;210;6.5;76;2.4;2.4;13;8.9;1012.4
7015;20201113120000;190;6.3;89;0.2;0.2;13.3;11.5;1008.4
7015;20201114120000;180;7.8;84;0;0.8;13.6;10.9;1008.1
7015;20201115120000;170;10.9;84;2;2.2;13.7;11;993.8
7015;20201116120000;250;5.8;84;1.4;8.9;11.5;8.9;1010.7
7015;20201117120000;200;6.9;80;0;0.2;12.9;9.5;1019.2
7015;20201118120000;170;6.4;65;0;0;14.3;7.8;1014.2
7015;20201119120000;280;7.6;68;0.2;0.4;10.8;5.1;1018.9
7015;20201120120000;230;2.8;57;0.2;2.2;8.7;0.6;1030.6
7015;20201121120000;200;6.6;76;0;0;10.3;6.3;1024
7015;20201122120000;200;3;88;-0.1;-0.1;11;9.1;1021.2
7015;20201123120000;240;1.1;78;0.2;2;10;6.3;1023.6
7015;20201124120000;160;5.6;86;0;-0.1;10;7.8;1015.5
7015;20201125120000;180;5.7;88;0;0;7.9;6;1010
7015;20201126120000;130;0.6;79;0;0;9.7;6.2;1014.7
7015;20201127120000;90;1.9;98;0.2;0.2;6.8;6.5;1012.7
7015;20201128120000;60;2.2;79;0.2;0.2;10.1;6.6;1012.6
7015;20201129120000;60;3.3;97;0;0;3.4;3;1019.8
7015;20201130120000;190;3.9;97;0;0;3.5;3.1;1019.7
7015;20201201120000;340;7.4;74;1.2;7.8;10.1;5.7;1014.2
7015;20201202120000;170;0.9;95;0;0.6;7;6.3;1011.4
7015;20201203120000;170;5.6;92;1;2.4;6.1;4.9;989.8
7015;20201204120000;170;7.8;75;1.2;7;5.6;1.5;976.4
7015;20201205120000;170;4.8;76;-0.1;-0.1;5;1.1;989.5
7015;20201206120000;90;1.1;81;0;-0.1;4.3;1.3;995
7015;20201207120000;180;3.7;98;0.2;0.2;0.1;-0.2;993.4
7015;20201208120000;270;1.7;98;0.2;0.2;2.5;2.2;997.9
7015;20201209120000;170;5;99;-0.1;-0.1;2.8;2.7;1003.2
7015;20201210120000;140;4.8;83;0;0;5.1;2.4;998.6
7015;20201211120000;150;5.1;96;6.2;6.2;6.3;5.7;982.3
7015;20201212120000;250;4.1;98;0.2;1.3;8.7;8.4;993
7015;20201213120000;160;5.1;91;0;-0.1;5.9;4.5;1003.6
7015;20201214120000;180;6.3;84;1.4;2.4;11.3;8.7;1000.1
7015;20201215120000;220;4.8;85;0.2;3.6;11.4;9;1003.9
7015;20201216120000;160;5.5;97;0.2;0.4;8.1;7.7;1007.5
7015;20201217120000;220;6.3;81;3.2;3.4;10.6;7.5;1013.4
7015;20201218120000;150;7;78;0;0;10.5;6.8;1011.6
7015;20201219120000;180;7;91;1.2;1.2;10.1;8.7;1004.9
7015;20201220120000;190;6.1;83;0;0;9.8;7;1010.8
7015;20201221120000;170;9.1;92;2.8;2.8;8.7;7.5;1005.1
7015;20201222120000;240;5.2;92;1.4;4.2;13;11.7;1009.3
7015;20201223120000;180;5.8;95;7.1;10.5;12.5;11.7;1002
7015;20201224120000;320;4.7;87;1.6;9.1;6.1;4.1;1010.4
7015;20201225120000;310;4.7;82;0.4;4.8;6.2;3.4;1021.7
7015;20201226120000;200;6.5;88;0;1.6;5;3.2;1016.4
7015;20201227120000;230;11.3;89;14.8;14.8;4.5;2.8;973.2
7015;20201228120000;160;4.5;91;-0.1;1.2;5.1;3.8;969.5
7015;20201229120000;160;2.2;91;0;0;4.5;3.2;984.5
7015;20201230120000;240;3.6;85;0.2;0.2;5.4;3.1;998
7015;20201231120000;290;3.4;96;1.4;4.4;2.9;2.3;996.9
7015;20210101120000;280;3.8;86;0.2;0.4;3.6;1.5;1004.8
7015;20210102120000;160;1.6;95;0.2;0.2;2.9;2.2;1008.3
7015;20210103120000;20;4;97;0.4;0.6;3.6;3.2;1009.7
7015;20210104120000;40;5.4;89;1;1;2.3;0.7;1009.9
7015;20210105120000;30;5.5;86;0;-0.1;2.7;0.6;1010.8
7015;20210106120000;10;3.4;87;-0.1;-0.1;3.5;1.5;1011.2
7015;20210107120000;280;3.5;93;0.8;0.8;3.3;2.3;1009.9
7015;20210108120000;260;3.6;85;0.2;1.4;3.4;1.1;1011.5
7015;20210109120000;280;1.7;98;0.2;0.2;0.7;0.4;1019.7
7015;20210110120000;270;2.2;98;0.2;0.2;3;2.7;1019.6
7015;20210111120000;200;5.5;90;-0.1;-0.1;4.9;3.4;1014.3
7015;20210112120000;340;7.1;90;15.1;15.1;7.6;6.1;1005.9
7015;20210113120000;210;2.8;95;0.4;0.4;4.3;3.6;1012.3
7015;20210114120000;100;5.9;97;16.2;20.6;1.6;1.2;1010.2
7015;20210115120000;340;3.5;75;0;7.2;1.3;-2.6;1024.7
7015;20210116120000;160;5.9;92;-0.1;-0.1;-0.8;-1.9;1017.1
7015;20210117120000;290;4.8;91;4;4;5.8;4.4;1016.7
7015;20210118120000;220;5.7;90;0.2;0.2;5.5;4;1018.7
7015;20210119120000;230;7.7;94;2.2;3.6;9.4;8.5;1004.3
7015;20210120120000;170;9.8;68;-0.1;-0.1;8.5;2.9;990.9
7015;20210121120000;190;9.7;77;3.7;4.7;7.6;3.8;987.4
7015;20210122120000;220;3.5;82;0;8.4;6.3;3.5;989.6
7015;20210123120000;160;2.6;92;0;0;3.7;2.5;988.3
7015;20210124120000;150;4;87;0;1.8;1.2;-0.7;994.5
7015;20210125120000;310;4.2;81;-0.1;1;3.1;0.2;1003
7015;20210126120000;230;5.8;84;0;0;4.2;1.7;1014.4
7015;20210127120000;180;2.6;97;2.4;3.2;5.5;5.1;1007.4
7015;20210128120000;260;11.2;91;13.9;13.9;11.5;10.1;997
7015;20210129120000;240;9.6;80;8.1;10.9;9.9;6.6;992.7
7015;20210130120000;60;8.1;95;7.9;10.9;4.3;3.6;990.5
7015;20210131120000;80;5;88;0;2;2;0.2;994
7015;20210201120000;320;4.7;98;0.4;2.2;4.7;4.4;989.9
7015;20210202120000;240;7.3;92;2;2;11.6;10.3;993
7015;20210203120000;210;8.8;82;14.1;14.5;12;9;988.3
7015;20210204120000;150;4;97;0;5.5;6.1;5.7;1007.3
7015;20210205120000;190;4.3;88;0;-0.1;10;8.1;1006
7015;20210206120000;50;4.2;88;-0.1;-0.1;8.6;6.7;1000.3
7015;20210207120000;20;5.3;89;-0.1;4.4;-1.6;-3.2;992.3
7015;20210208120000;30;5.9;84;-0.1;-0.1;-4.1;-6.4;994.2
7015;20210209120000;60;6.1;71;-0.1;-0.1;-4.8;-9.3;1001.6
7015;20210210120000;30;7.7;71;0;0;-3.2;-7.7;1008.6
7015;20210211120000;80;5.5;68;0;0;-1.4;-6.5;1022.7
7015;20210212120000;70;8.4;59;0;0;-2.2;-9.1;1024.5
7015;20210213120000;100;7.4;45;0;0;-1.2;-11.6;1029.7
7015;20210214120000;150;6.7;40;0;0;1.8;-10.4;1027
7015;20210215120000;190;8.1;90;3.2;3.2;4.7;3.2;1017.3
7015;20210216120000;180;6.7;69;0;0;10.4;5;1007.4
7015;20210217120000;200;7.5;75;0;2.4;11.7;7.4;1010.6
7015;20210218120000;170;8.9;74;0.6;0.6;9.9;5.5;999.4
7015;20210219120000;170;6.9;86;0;1.8;8.6;6.4;1009.2
7015;20210220120000;160;8.5;60;0;0;14.5;6.8;1003.9
7015;20210221120000;170;6.1;55;0;0;14.7;5.7;1006.5
7015;20210222120000;170;4.5;56;0;0;14.4;5.7;1012
7015;20210223120000;190;10.1;67;0;-0.1;15.8;9.7;1022.6
7015;20210224120000;180;8.3;60;0;0;17.1;9.3;1022.3
7015;20210225120000;260;3.2;56;0;0;16;7.2;1020.8
7015;20210226120000;340;5.1;65;1.2;1.2;10.2;3.9;1030.6
7015;20210227120000;60;3.6;92;0.2;0.2;5.7;4.5;1035.3
7015;20210228120000;60;7.3;64;0;0;9.3;2.8;1029.9
7015;20210301120000;50;3.8;68;0.2;0.2;8.9;3.3;1025.6
7015;20210302120000;140;2.2;58;0;0;12.2;4.2;1023.6
7015;20210303120000;200;1.7;57;0;0;14.9;6.5;1022.5
7015;20210304120000;340;4.4;93;2;2;5.9;4.9;1016.4
7015;20210305120000;40;6.7;43;0;-0.1;5.6;-6;1024
7015;20210306120000;40;5.5;49;0;0;6.2;-3.7;1027.5
7015;20210307120000;30;4.4;58;0;0;5.8;-1.8;1020.3
7015;20210308120000;50;2;46;0;0;7.7;-3.2;1018.4
7015;20210309120000;290;4.4;75;-0.1;-0.1;8.6;4.4;1014.3
7015;20210310120000;190;12;50;0;0;10.1;0.1;1008.9
7015;20210311120000;240;18.2;59;2.8;3.8;12.9;5.1;994.7
7015;20210312120000;210;10.3;73;-0.1;-0.1;8.9;4.3;1000.7
7015;20210313120000;250;16.6;56;5.6;6;10.3;1.9;992.1
7015;20210314120000;290;8.8;62;1.4;2;9.1;2.2;1009
7015;20210315120000;320;8.8;59;1.4;3;9.5;1.9;1012.8
7015;20210316120000;170;3.6;94;2;2;6.7;5.8;1019.3
7015;20210317120000;350;7.7;74;0.4;2.2;7.5;3.2;1023.1
7015;20210318120000;340;5;80;0.2;2.8;7.3;4.1;1019.8
7015;20210319120000;40;8.5;53;0;0.4;8;-1;1020.5
7015;20210320120000;70;2.8;50;0;0;8.3;-1.5;1024.7
7015;20210321120000;360;6.7;64;0;0;8.7;2.3;1021
7015;20210322120000;320;2.4;63;0;0;8.6;1.9;1021.6
7015;20210323120000;220;4.4;55;0;0;11.7;2.9;1020.9
7015;20210324120000;220;6;48;0;0;14.3;3.4;1016.6
7015;20210325120000;240;6.1;70;4;4;11.8;6.5;1015.6
7015;20210326120000;180;8.3;62;0;0;12.1;5;1009.4
7015;20210327120000;250;9.5;46;1.6;3.8;10.8;-0.4;1018.7
7015;20210328120000;230;10.3;52;0;0;13.1;3.5;1022.4
7015;20210329120000;230;5.1;37;0;0;18;3.1;1024.8
7015;20210330120000;140;3.3;39;0;0;21.1;6.6;1023.6
7015;20210331120000;150;2.8;37;0;0;23.4;7.9;1015.6
7015;20210401120000;340;4.4;57;0;0;18.7;10;1016.3
7015;20210402120000;10;7;57;0;0;10;1.9;1021.4
7015;20210403120000;20;6.2;54;0;0;9.1;0.3;1023.9
7015;20210404120000;310;2.6;67;0;0;7.4;1.7;1020.4
7015;20210405120000;340;10.6;62;1;1;4.6;-2.1;1010.3
7015;20210406120000;310;9.2;37;-0.1;-0.1;6.1;-7.5;1011.1
7015;20210407120000;300;8;43;0.2;0.2;7.5;-4.3;1017
7015;20210408120000;240;4.2;40;0;0;8.9;-4;1018.6
7015;20210409120000;240;5.7;44;0;0;13.6;1.6;1008.2
7015;20210410120000;60;4.9;85;6.5;6.5;7.8;5.4;1004.9
7015;20210411120000;360;8;62;1;11.6;6.7;-0.1;1010.4
7015;20210412120000;260;7.8;65;0.2;0.2;6.7;0.6;1023.3
7015;20210413120000;70;2.6;38;0;-0.1;10.3;-3.4;1027.4
7015;20210414120000;340;5.5;47;0;0;9;-1.7;1024.9
7015;20210415120000;10;3.5;53;0;0;8.3;-0.7;1024.8
7015;20210416120000;40;6.1;42;0;0;9.8;-2.5;1022.7
7015;20210417120000;10;5.5;39;0;0;11.8;-1.7;1020.3
7015;20210418120000;350;2.7;46;0;0;11.4;0.2;1017.9
7015;20210419120000;280;2;56;0;0;14.3;5.6;1014.7
7015;20210420120000;20;1.9;54;0.2;0.2;16;6.7;1011.9
7015;20210421120000;360;5.7;54;0;0;15.6;6.3;1013.2
7015;20210422120000;20;6.1;47;0;0;11.4;0.5;1020.7
7015;20210423120000;50;5.2;34;0;0;13.8;-1.8;1023.2
7015;20210424120000;50;7.3;45;0;0;14.1;2.3;1020.4
7015;20210425120000;40;7.4;51;0;0;10.9;1.1;1020.8
7015;20210426120000;40;6.2;40;0;0;12.9;-0.4;1012.8
7015;20210427120000;150;1.2;33;0;0;15.3;-0.9;1003.1
7015;20210428120000;20;4.4;35;0;0;16.7;1.1;997.2
7015;20210429120000;310;4.2;69;3;6.2;8.8;3.4;1004.4
7015;20210430120000;300;2.2;48;0;-0.1;11.8;1.1;1008.3
7015;20210501120000;250;2.6;48;0.2;0.2;12.5;1.8;1009.3
7015;20210502120000;260;4.4;55;-0.1;-0.1;10.2;1.6;1015
7015;20210503120000;220;7.5;40;0;-0.1;14.4;1;1012.6
7015;20210504120000;240;14.1;54;0.6;1;12.3;3.2;997.3
7015;20210505120000;280;5.1;45;-0.1;-0.1;12;0.4;1004.6
7015;20210506120000;200;4.8;58;0;1.6;9.9;2;999.6
7015;20210507120000;240;4.8;45;0.2;0.6;12.6;1;1012.2
7015;20210508120000;170;8;79;3.4;3.4;14.4;10.8;1003.8
7015;20210509120000;190;10;55;0.2;0.2;23.6;14;993.7
7015;20210510120000;190;8.3;57;8.3;9.7;17.9;9.3;1000.3
7015;20210511120000;220;1.7;47;0;0;18.7;7.2;1002.4
7015;20210512120000;170;5.8;49;0;2.6;16.3;5.6;1004.9
7015;20210513120000;210;3.1;81;1;1;11.5;8.4;1002.1
7015;20210514120000;270;3.2;64;-0.1;0.2;14.3;7.6;1002.3
7015;20210515120000;170;4.8;94;2.8;4.2;11.1;10.2;995.7
7015;20210516120000;220;5.4;69;0.6;2.2;13.7;8.1;995.3
7015;20210517120000;280;4.5;84;3.6;12.9;12.5;9.9;1000.8
7015;20210518120000;300;4.6;59;1.4;9.1;15.1;7.1;1008.5
7015;20210519120000;260;6.3;85;1.6;1.6;12.6;10.1;1010.6
7015;20210520120000;180;7;72;0;2.3;13.1;8.2;1013
7015;20210521120000;220;10.9;45;-0.1;-0.1;16;4.1;998.6
7015;20210522120000;230;9.5;88;4.6;5.2;10.9;9;1000.6
7015;20210523120000;200;6.9;49;-0.1;2.8;14.7;4.1;1008.5
7015;20210524120000;180;6.9;60;5.8;5.8;15.6;7.9;1000
7015;20210525120000;250;10.1;72;1.6;9;13.9;8.9;1009.9
7015;20210526120000;270;8.3;72;0;0;13.3;8.4;1008.4
7015;20210527120000;300;5.6;56;0;0.8;16.9;8.1;1014.9
7015;20210528120000;60;3.2;56;0;0;17.8;8.9;1017.7
7015;20210529120000;30;3.5;39;0;0;20.1;5.7;1020.1
7015;20210530120000;60;4.4;52;0.2;0.2;19.5;9.4;1020.2
7015;20210531120000;70;5.1;38;0;0;22.4;7.4;1015.3
7015;20210601120000;80;5.1;35;0;0;23.9;7.5;1009
7015;20210602120000;120;3.3;41;0;0;27.2;12.8;1007.2
7015;20210603120000;210;3.3;54;0;0;24.4;14.5;1014
7015;20210604120000;340;4.5;75;2.9;2.9;22.1;17.5;1014.5
7015;20210605120000;310;4.7;90;2;39.4;15;13.4;1018.4
7015;20210606120000;340;3.4;47;0;0;21.5;9.7;1019.1
7015;20210607120000;50;3.6;36;0;0;21.9;6.1;1018.1
7015;20210608120000;240;2;49;0;0;24.1;12.7;1017.6
7015;20210609120000;300;2.5;43;0;0;23.7;10.4;1017.3
7015;20210610120000;210;3.2;58;0;0;23.3;14.6;1016.6
7015;20210611120000;260;4.2;70;0.2;0.2;21.3;15.6;1015.7
7015;20210612120000;280;4.6;58;0;0;22.1;13.4;1017.3
7015;20210613120000;90;2.3;48;0;0;22.3;10.8;1022.3
7015;20210614120000;230;1.6;37;0;0;27;11.1;1014.9
7015;20210615120000;50;3.5;60;0;0;24.7;16.4;1014.9
7015;20210616120000;180;2.8;45;0;0;28.2;15.1;1006.9
7015;20210617120000;190;4.4;62;5.5;5.5;25.8;18;1005.6
7015;20210618120000;160;6.2;57;3.6;4.4;27.7;18.4;1004.7
7015;20210619120000;280;0.7;81;-0.1;2;17.6;14.3;1009.6
7015;20210620120000;220;3.7;61;-0.1;13;20.9;13.1;1003.5
7015;20210621120000;40;4.9;94;7.6;7.6;15.7;14.7;1004.2
7015;20210622120000;10;5.2;86;5.4;5.8;13.8;11.5;1011.4
7015;20210623120000;40;3.5;67;0.2;2;15.3;9.2;1016.7
7015;20210624120000;320;4.2;73;0.2;0.2;17.1;12.2;1016
7015;20210625120000;190;4.5;87;1.2;1.2;16.3;14.1;1012.7
7015;20210626120000;80;2.8;73;3.4;6.2;19.8;14.8;1013.1
7015;20210627120000;90;2.2;71;-0.1;-0.1;22.5;17;1008.2
7015;20210628120000;240;3.2;80;0.2;4.5;20.6;17;1009.1
7015;20210629120000;340;3.8;71;-0.1;0.2;21.7;16.2;1007
7015;20210630120000;320;4;92;6.5;12.9;15.7;14.4;1009.3
7015;20210701120000;300;5.8;54;0.2;2;19.2;9.7;1011.9
7015;20210702120000;240;1.7;54;0;0;22.5;12.7;1012.1
7015;20210703120000;230;3.6;67;-0.1;-0.1;21.9;15.5;1008.5
7015;20210704120000;200;1.3;90;15;15;17.2;15.5;1004.3
7015;20210705120000;260;1.2;70;1.2;5.1;19.2;13.6;1002.3
7015;20210706120000;200;8.2;64;0;1.4;18.5;11.6;999.8
7015;20210707120000;200;4.1;58;-0.1;1.2;20.4;11.9;1009.7
7015;20210708120000;250;4;65;0.2;0.2;20.7;13.9;1015.6
7015;20210709120000;220;4.3;69;0;3;19.1;13.3;1017
7015;20210710120000;130;2.5;89;4.6;4.6;16.5;14.7;1010.3
7015;20210711120000;190;1.3;61;0;6.3;20;12.2;1011.6
7015;20210712120000;240;2;85;0.6;0.6;19.1;16.5;1004.5
7015;20210713120000;340;6.2;81;0;0.2;19.9;16.5;1005.9
7015;20210714120000;320;7;93;0.2;0.4;16.1;15;1009.8
7015;20210715120000;330;9.4;69;0;-0.1;20.8;14.9;1012.9
7015;20210716120000;340;5.6;61;0.2;0.2;19.9;12.2;1019.3
7015;20210717120000;20;5.3;60;0;0;24;15.8;1021
7015;20210718120000;350;4.1;59;0;0;26.7;18;1018.9
7015;20210719120000;70;3.3;58;0;0;25.7;16.8;1015.9
7015;20210720120000;30;2.8;51;0;0;25.9;15;1015
7015;20210721120000;60;2.8;49;0;0;25.9;14.4;1017.5
7015;20210722120000;350;3.5;50;0;0;25.4;14.2;1016.9
7015;20210723120000;50;6;45;0;0;24.1;11.4;1010.2
7015;20210724120000;220;3.8;58;0;0;24.2;15.4;1002.6
7015;20210725120000;250;4.2;79;6.3;6.5;19.4;15.7;1001.8
7015;20210726120000;170;3;91;13.4;16;17.1;15.6;1005.5
7015;20210727120000;180;6.2;71;0;9.6;21;15.5;1005.5
7015;20210728120000;230;7.4;69;0.2;0.2;19;13.2;1005.6
7015;20210729120000;240;8.1;48;0;0.8;20.9;9.5;1007.3
7015;20210730120000;210;6.6;91;6.5;6.5;17.1;15.6;1001.4
7015;20210731120000;270;7.3;58;0;-0.1;21.1;12.5;1004.7
7015;20210801120000;270;7.1;55;1.8;1.8;21.7;12.3;1005.2
7015;20210802120000;310;1.5;58;10.1;10.1;19.7;11.2;1009.7
7015;20210803120000;30;2;64;2.6;5.6;18.5;11.6;1008
7015;20210804120000;100;3.5;57;0;0.2;21.5;12.6;1007.2
7015;20210805120000;190;3.9;54;0;-0.1;22.2;12.4;1002.1
7015;20210806120000;230;7.9;85;6.6;6.8;17.7;15.1;998.3
7015;20210807120000;180;7.4;65;0.6;1;19.8;13;994.2
7015;20210808120000;260;5.4;82;3.9;21.8;15.1;12;1004.4
7015;20210809120000;220;7;84;4.1;5.3;17.8;15.1;1009.8
7015;20210810120000;220;5.1;72;2;2.6;20;14.8;1011.1
7015;20210811120000;220;2.9;55;0.2;0.4;21.4;12;1014.5
7015;20210812120000;130;1.8;56;0;0;24.5;15.1;1014
7015;20210813120000;260;7.2;54;0;0;23;13.2;1017.6
7015;20210814120000;250;2.7;56;0;0;23.3;14;1015.7
7015;20210815120000;190;3.8;46;0;0;27.2;14.6;1007.8
7015;20210816120000;280;7.5;64;0.8;0.8;17.8;10.9;1010.4
7015;20210817120000;240;4.6;83;0.4;2;15.9;13;1014.1
7015;20210818120000;270;3.9;73;0.2;2.6;19.3;14.3;1012.1
7015;20210819120000;240;5.2;70;-0.1;0.2;17.8;12.3;1010.1
7015;20210820120000;250;4.7;57;-0.1;-0.1;22.2;13.3;1011.9
7015;20210821120000;160;2.5;55;0;0;24.6;15;1010.9
7015;20210822120000;270;5.7;76;3;6.9;20;15.6;1012.4
7015;20210823120000;10;4.6;71;0.4;4.2;19.9;14.5;1019.4
7015;20210824120000;60;7.6;50;0;0;21.5;10.6;1021.5
7015;20210825120000;30;4.8;48;0;0;21.8;10.3;1017.4
7015;20210826120000;340;6.1;65;1.2;1.2;17.6;10.9;1013.2
7015;20210827120000;350;5.2;57;0.4;0.4;19.9;11.1;1015
7015;20210828120000;340;5.7;76;1;1;18.1;13.8;1016.7
7015;20210829120000;10;6.1;69;1.4;1.4;17.9;12.1;1016.6
7015;20210830120000;350;5;76;0;0.2;19.6;15.3;1016.9
7015;20210831120000;30;4.3;65;0;-0.1;20.4;13.6;1021.1
7015;20210901120000;30;4.3;62;0;0;18.8;11.4;1023.4
7015;20210902120000;50;5.3;60;0;0;20.1;12.1;1020.1
7015;20210903120000;40;5.1;52;0;0;23.8;13.3;1013.9
7015;20210904120000;40;4.2;74;0;0;20.2;15.4;1011.8
7015;20210905120000;100;2.7;47;0;0;26.2;14;1014.5
7015;20210906120000;80;1.8;44;0;0;26.4;13.2;1018.4
7015;20210907120000;100;3.1;49;0;0;26.9;15.3;1016.5
7015;20210908120000;90;5.3;41;0;0;27.2;12.8;1008
7015;20210909120000;190;4.3;59;0.4;0.4;25.9;17.3;1005
7015;20210910120000;230;4.2;71;0;6.1;22.2;16.7;1007.6
7015;20210911120000;280;4.2;84;0.8;1;18.3;15.5;1012.7
7015;20210912120000;310;2.9;54;0;-0.1;21.2;11.5;1013.3
7015;20210913120000;50;5.6;66;0;0;20.6;14;1012
7015;20210914120000;170;3.3;72;-0.1;-0.1;21.7;16.4;1006.5
7015;20210915120000;320;4.9;72;0.2;0.8;20;14.8;1007.2
7015;20210916120000;260;1.8;56;0;0;21.7;12.5;1013
7015;20210917120000;160;2.1;57;0.2;0.2;21.9;13;1010.5
7015;20210918120000;120;3.5;51;0.2;0.2;23;12.3;1010.1
7015;20210919120000;40;2.2;57;0;0;22.1;13.2;1008.5
7015;20210920120000;10;3.4;84;17.7;17.7;18.5;15.7;1014.8
7015;20210921120000;40;2.7;50;0;0;18.1;7.5;1025
7015;20210922120000;160;1.5;51;0.2;0.2;19.1;8.7;1023.2
7015;20210923120000;250;7.1;60;0;0;20.4;12.4;1015
7015;20210924120000;220;5.6;84;0.6;0.6;18.4;15.6;1012
7015;20210925120000;190;2.3;62;0.2;0.2;20.9;13.3;1010.1
7015;20210926120000;180;5.9;79;0;0;19.5;15.8;1009.3
7015;20210927120000;230;7.4;92;3.6;3.6;14.8;13.5;1007.5
7015;20210928120000;190;5.7;55;0;0.2;18.7;9.5;1015
7015;20210929120000;280;9.3;56;5.6;5.6;15.7;6.9;1013.9
7015;20210930120000;200;6.7;54;0;0;15.5;6.2;1019.5
7015;20211001120000;180;8.1;79;0.6;0.6;15.2;11.6;1008.4
7015;20211002120000;160;5.8;76;0.2;5.6;15.4;11.2;999.9
7015;20211003120000;260;4.1;96;27.6;34.2;12.4;11.8;995.1
7015;20211004120000;180;7.9;68;0;-0.1;17.2;11.2;1008.7
7015;20211005120000;230;5.8;84;10.3;12.5;15.1;12.4;997.2
7015;20211006120000;280;6.3;76;3.2;3.4;12.5;8.4;1012.8
7015;20211007120000;130;2;55;0.2;0.2;17.9;8.7;1022.3
7015;20211008120000;60;3.4;64;0.2;0.2;17.2;10.3;1024.3
7015;20211009120000;40;2;80;0.2;0.2;15;11.6;1022.5
7015;20211010120000;10;1.9;69;0.2;0.2;16;10.3;1022.4
7015;20211011120000;300;5.4;69;0.2;0.4;14.9;9.3;1023.3
7015;20211012120000;290;6.8;80;0.2;0.2;14.1;10.7;1016.7
7015;20211013120000;290;3.1;60;0.2;3.8;14.1;6.4;1022.1
7015;20211014120000;210;2.4;71;0;0;14;8.8;1019.9
7015;20211015120000;20;4.6;91;0.2;0.2;12.8;11.4;1014.3
7015;20211016120000;120;2.2;51;0;0.2;14;4;1016.6
7015;20211017120000;170;3.6;64;0.2;0.2;14;7.3;1014.7
7015;20211018120000;160;4.7;75;0;0;14.3;9.9;1014.6
7015;20211019120000;210;5.5;85;0.4;3;19.5;16.9;1012.2
7015;20211020120000;200;7.8;81;1.4;1.4;18;14.7;999.3
7015;20211021120000;300;8.7;72;7.7;11.7;10.5;5.7;1003.3
7015;20211022120000;270;7.9;58;0.2;0.2;12.6;4.5;1015.1
7015;20211023120000;180;3.6;64;0;-0.1;15.2;8.4;1021.9
7015;20211024120000;170;4.2;65;0.2;0.2;12.8;6.4;1015.8
7015;20211025120000;180;4.3;91;2.4;2.4;12.6;11.2;1012.3
7015;20211026120000;210;7.1;79;0.2;0.2;14.5;10.9;1016.1
7015;20211027120000;200;5.8;81;0;0.8;13;9.8;1018
7015;20211028120000;160;5.8;74;0.2;0.4;15;10.4;1008.3
7015;20211029120000;190;8.8;81;-0.1;-0.1;13.9;10.7;998.1
7015;20211030120000;190;6.9;94;6.6;7;13.5;12.6;992.8
7015;20211031120000;160;7.5;83;0.2;2.6;13.8;11;991.2
7015;20211101120000;200;9;71;0;9.5;12.3;7.2;993.6
7015;20211102120000;230;4.7;71;-0.1;1.8;11.9;6.8;994.4
7015;20211103120000;340;4.1;72;0.2;0.2;10.9;6;996.2
7015;20211104120000;300;6.6;81;1;1.6;11.1;8;1003.7
7015;20211105120000;290;4.2;72;0.4;5;11.3;6.4;1020.2
7015;20211106120000;200;4.9;85;0.4;0.4;9.9;7.5;1022.8
7015;20211107120000;290;6.6;66;0.8;0.8;11.9;5.7;1014.8
7015;20211108120000;260;2.7;70;0;0;11;5.7;1018.5
7015;20211109120000;180;3.2;76;0.2;0.2;11.4;7.3;1020.7
7015;20211110120000;150;2.2;77;0.2;0.2;9.4;5.6;1018.8
7015;20211111120000;190;3;82;0;0;10.1;7.2;1019.4
7015;20211112120000;180;4.8;75;0.2;0.2;8.7;4.5;1010.3
7015;20211113120000;290;5.5;94;3.4;3.4;12;11.1;1008.3
7015;20211114120000;50;5.7;87;0.2;2.6;11.2;9.1;1016.3
7015;20211115120000;50;3.7;88;0;0;7.7;5.8;1020.2
7015;20211116120000;170;1.1;91;-0.1;0.2;6.1;4.7;1017.6
7015;20211117120000;290;3.6;91;0.4;0.6;11.7;10.3;1017.8
7015;20211118120000;210;5.3;75;0.2;0.2;11.7;7.4;1024.3
7015;20211119120000;240;3.7;96;0.4;0.4;11.9;11.3;1025.9
7015;20211120120000;160;2.2;85;0;0;9.2;6.8;1019.3
7015;20211121120000;360;2.2;89;5.4;5.6;8.9;7.2;1009
7015;20211122120000;40;7;70;0;1.2;7.4;2.3;1021.9
7015;20211123120000;320;2.5;78;0.2;0.2;8;4.4;1025.4
7015;20211124120000;170;0.6;91;0;0;7.2;5.8;1016
7015;20211125120000;330;3.4;90;0.8;0.8;8.4;6.9;1007.6
7015;20211126120000;200;9.9;89;0.8;1;5.2;3.5;988.3
7015;20211127120000;80;2.6;98;3.8;9.2;1.8;1.5;984.9
7015;20211128120000;330;5.4;94;14.4;19.4;3.4;2.5;995.4
7015;20211129120000;270;5;88;0.8;7.4;5.6;3.8;1007.4
7015;20211130120000;260;7.5;92;-0.1;-0.1;10;8.8;1006.8
7015;20211201120000;270;6.9;74;0;0;10.3;5.9;990.7
7015;20211202120000;300;8;86;0.6;3.6;4.6;2.5;1000.9
7015;20211203120000;180;8.1;95;0.2;4;3.6;2.9;1002.1
7015;20211204120000;290;6.4;95;7.1;8.7;5.8;5.1;991.5
7015;20211205120000;280;2.4;91;-0.1;-0.1;5.3;3.9;996
7015;20211206120000;180;4.9;90;0;-0.1;5.4;3.9;1006.8
7015;20211207120000;150;5.3;90;0;6.1;4.9;3.4;999.9
7015;20211208120000;210;5.2;83;0;-0.1;5.7;3;990.8
7015;20211209120000;220;5.6;85;-0.1;-0.1;7.1;4.7;998.2
7015;20211210120000;290;9.8;92;0;0;5.2;4;988.3
7015;20211211120000;250;3.4;82;0;0.4;7;4.1;1012.7
7015;20211212120000;190;3.9;98;0.4;0.4;10.5;10.2;1017.8
7015;20211213120000;180;4.6;92;0;-0.1;9.8;8.6;1021.4
7015;20211214120000;190;1.9;89;0;0;9.4;7.7;1023.2
7015;20211215120000;240;2.5;92;-0.1;-0.1;9.7;8.5;1026.8
7015;20211216120000;280;1.2;93;0;0;10.3;9.2;1032.6
7015;20211217120000;30;4.9;100;0;-0.1;6;6;1034.1
7015;20211218120000;30;4.9;95;0;0;6.6;5.9;1033
7015;20211219120000;360;2.1;100;0;0;5.3;5.3;1027.3
7015;20211220120000;70;3.9;70;0;-0.1;6.7;1.6;1022.4
7015;20211221120000;60;1.7;70;0;0;3.2;-1.8;1019.5
7015;20211222120000;140;4.8;81;0;0;1.1;-1.8;1016.6
7015;20211223120000;190;5.4;94;0;0;2.8;1.9;1005.1
7015;20211224120000;220;3.4;92;0;-0.1;8.6;7.4;1000.5
7015;20211225120000;60;5.4;94;1.6;4.8;5.5;4.6;1000
7015;20211226120000;140;3.1;99;-0.1;-0.1;7.2;7.1;997.2
7015;20211227120000;150;4.6;97;0;0;9.6;9.1;990.3
7015;20211228120000;230;12.3;75;0.4;1;11.2;6.9;987.3
7015;20211229120000;180;5;96;0.6;2.2;9.8;9.2;1000.1
7015;20211230120000;230;7.3;89;0.2;0;14.6;12.8;1011.8
7015;20211231120000;200;5;81;0;0.2;13.3;10.1;1014.2
7015;20220101120000;170;6.5;88;0;-0.1;13;11.1;1016.9
7015;20220102120000;230;7.4;83;1;1.4;12.8;10;1009.1
7015;20220103120000;250;5.8;92;4.9;6.9;9.7;8.5;1006.5
7015;20220104120000;220;5.7;92;0.6;10.1;8.6;7.4;993.2
7015;20220105120000;270;6.3;78;0;10.7;5.1;1.6;1006.5
7015;20220106120000;220;3.1;76;0;0.6;6.1;2.2;1015.1
7015;20220107120000;210;8.6;89;0.4;0.4;4.4;2.7;1006.4
7015;20220108120000;180;7.4;97;1.2;2.4;5.3;4.9;1000.3
7015;20220109120000;270;5.2;75;-0.1;11.3;6.9;2.8;998
7015;20220110120000;150;4.4;100;0.2;0.2;2.6;2.6;1016.7
7015;20220111120000;160;4.5;86;0;0;2.9;0.8;1027.4
7015;20220112120000;320;2;99;0.8;0.8;5.2;5.1;1034.7
7015;20220113120000;190;1.6;100;0.2;0.2;1.9;1.9;1036
7015;20220114120000;150;0.8;92;0.2;0.2;6.7;5.5;1030.6
7015;20220115120000;130;2.1;100;0.2;0.4;1.4;1.4;1021.6
7015;20220116120000;190;3.5;96;1;1;3.9;3.3;1021.5
7015;20220117120000;280;4.1;91;0;0;6.9;5.5;1031.7
7015;20220118120000;70;2.5;95;0.2;0.2;5.8;5.1;1032.8
7015;20220119120000;210;3.6;91;0.2;0.2;5;3.7;1019.9
7015;20220120120000;350;6.2;79;0.4;1;4.9;1.6;1027.2
7015;20220121120000;280;3.4;88;0.4;1.2;6.2;4.4;1031.7
7015;20220122120000;280;3.4;89;0;0;5;3.3;1031.5
7015;20220123120000;150;2.8;81;0;0;5.1;2.1;1030.5
7015;20220124120000;80;2.4;75;0;0;5.2;1.1;1028
7015;20220125120000;10;1.9;100;0;0;-0.3;-0.3;1028.4
7015;20220126120000;210;2.9;88;0;0.4;3.2;1.4;1028.4
7015;20220127120000;250;7.2;89;-0.1;-0.1;8.8;7.1;1021.7
7015;20220128120000;240;2.1;81;0.2;1.8;8.4;5.3;1030.8
7015;20220129120000;240;8.4;85;0.8;0.8;11.2;8.8;1021.6
7015;20220130120000;270;2.5;70;0.2;0.2;8.2;3;1027.2
7015;20220131120000;300;11.4;58;2.4;2.4;6.8;-0.9;1013.9
7015;20220201120000;250;8.3;88;1;1;9.4;7.5;1013.1
7015;20220202120000;270;5.8;81;0.2;0.2;11.2;8.1;1017.2
7015;20220203120000;220;6;82;0;0;7.6;4.7;1010.6
7015;20220204120000;210;9.6;75;0.2;0.2;9.4;5.2;1002.9
7015;20220205120000;240;7.4;68;0;0.6;8.4;2.8;1017.5
7015;20220206120000;250;14.5;88;6;6;10.3;8.4;1000
7015;20220207120000;250;5.1;67;0;0.2;7.7;2;1023.3
7015;20220208120000;230;4.9;91;0.2;0.2;10;8.6;1023.9
7015;20220209120000;220;3.5;77;0;-0.1;10.7;6.8;1020.7
7015;20220210120000;270;3.7;96;1.6;1.6;8;7.4;1016.8
7015;20220211120000;310;5;65;0;2;6.5;0.4;1028.5
7015;20220212120000;170;8.6;61;0.2;0.2;6.6;-0.4;1020.8
7015;20220213120000;160;6.6;72;0;0;6.4;1.7;1003.6
7015;20220214120000;220;6.1;71;0.8;0.8;9.3;4.3;997.1
7015;20220215120000;210;8.7;72;0;1;9.6;4.8;1006.9
7015;20220216120000;240;11.6;81;2.2;6.8;13;9.8;995.3
7015;20220217120000;260;11.7;56;0;0.2;12.1;3.6;1005.9
7015;20220218120000;230;15.3;72;1.4;1.4;9.9;5.1;991.8
7015;20220219120000;210;9;68;0;0;8.3;2.7;1010.4
7015;20220220120000;230;12.6;76;1;1.2;11.7;7.6;1004.7
7015;20220221120000;260;12.4;66;-0.1;4.2;8.9;2.9;999.7
7015;20220222120000;220;7.5;89;-0.1;1.2;10.4;8.7;1013.2
7015;20220223120000;180;5.8;62;0.2;0.6;11.4;4.4;1019.7
7015;20220224120000;210;9.9;81;-0.1;-0.1;9;5.9;1003.4
7015;20220225120000;290;8.5;63;0.2;2;8.8;2.1;1020.4
7015;20220226120000;150;4.4;61;0.2;0.2;8.6;1.5;1028
7015;20220227120000;140;6;46;0;0;8.4;-2.6;1022.2
7015;20220228120000;170;4.5;46;0;0;9.4;-1.7;1023.4
7015;20220301120000;130;2.4;71;-0.1;-0.1;7.8;2.9;1021.6
7015;20220302120000;50;3.5;55;0.8;1;9.6;1;1016.4
7015;20220303120000;130;2.6;59;0;0;12.5;4.7;1011
7015;20220304120000;150;3.1;50;0;0;11.4;1.3;1013.6
7015;20220305120000;180;1.2;81;0;0;10.5;7.4;1015
7015;20220306120000;40;5.6;57;0;0;6.4;-1.5;1020.2
7015;20220307120000;70;7.4;49;0;0;4;-5.8;1019
7015;20220308120000;120;6.1;42;0;0;7.7;-4.4;1012.4
7015;20220309120000;160;5.5;56;0;0;12.9;4.3;1015.1
7015;20220310120000;150;5.4;53;0;0;15;5.5;1014.9
7015;20220311120000;140;8.7;56;0;0;14.7;6;1003.3
7015;20220312120000;160;5.7;73;0;2.2;11.5;6.8;1010.2
7015;20220313120000;180;8.2;55;-0.1;-0.1;14.3;5.4;1004.6
7015;20220314120000;240;5.1;61;0;1.6;12.8;5.5;1021.1
7015;20220315120000;150;4.6;79;0;0;11;7.5;1017
7015;20220316120000;140;3.9;85;0;0;11;8.6;1014.8
7015;20220317120000;320;4.6;64;0;0;9.9;3.4;1027.2
7015;20220318120000;50;7.3;43;0.2;0.2;12.8;0.5;1036.7
7015;20220319120000;70;9.3;41;0;0;13.8;0.8;1031
7015;20220320120000;360;0.8;69;0;0;7.2;1.9;1021.5
7015;20220321120000;190;2;57;0;0;15.4;6.9;1023.8
7015;20220322120000;130;2.8;43;0;0;18.3;5.5;1024.5
7015;20220323120000;170;3.7;31;0;0;18.4;0.9;1025.1
7015;20220324120000;50;3.2;27;0;0;17.5;-1.7;1024.2
7015;20220325120000;40;5.1;41;0;0;16.2;2.9;1024.9
7015;20220326120000;40;7.4;37;0;0;16.9;2.1;1025.6
7015;20220327120000;30;5.3;73;0;0;14.2;9.4;1024.5
7015;20220328120000;290;1.1;55;0.2;0.2;17.3;8.2;1016.9
7015;20220329120000;20;3.2;65;0;0;14.7;8.2;1005.1
7015;20220330120000;40;5;52;-0.1;-0.1;11.1;1.6;998.5
7015;20220331120000;340;5;55;-0.1;-0.1;7.1;-1.3;996.3
7015;20220401120000;20;7.6;81;1.4;4.4;3;0.1;1005
7015;20220402120000;20;7.3;45;0;-0.1;6.1;-5;1013.9
7015;20220403120000;80;1.1;51;0;0;8.1;-1.4;1018.8
7015;20220404120000;230;9.8;83;0.4;0.4;6.9;4.2;1007.3
7015;20220405120000;250;7.4;82;1.6;3.4;13.3;10.3;1004.1
7015;20220406120000;210;10;73;0;0;11.1;6.4;997.1
7015;20220407120000;250;18;56;3.6;5.2;12.3;3.8;984.3
7015;20220408120000;100;3.2;60;-0.1;-0.1;6.8;-0.4;991.7
7015;20220409120000;270;6.4;55;0.2;0.2;10.1;1.5;1010
7015;20220410120000;150;2.5;46;0.2;0.2;11.6;0.4;1015.4
7015;20220411120000;100;6.9;35;0;0;17.6;1.9;1006.1
7015;20220412120000;170;4.8;49;0;0;19.6;8.6;1001.5
7015;20220413120000;210;2.1;74;0;0;15.4;10.8;1012.5
7015;20220414120000;240;2.9;53;0;0;18.8;9;1016.7
7015;20220415120000;30;3.7;46;0;-0.1;18.1;6.3;1021.7
7015;20220416120000;70;6.6;46;0;0;16.6;4.9;1024.6
7015;20220417120000;80;4.1;33;0;0;17;0.6;1018.5
7015;20220418120000;190;1.4;25;0;0;18.8;-1.7;1011.8
7015;20220419120000;50;2.6;37;0;0;18.1;3.2;1008.4
7015;20220420120000;50;7.5;35;0;0;17;1.4;1008.3
7015;20220421120000;60;7;41;0;0;17.5;4.1;1005
7015;20220422120000;70;6.7;52;0;0;15.7;5.9;999.1
7015;20220423120000;80;8;53;0;0;18;8.3;994.7
7015;20220424120000;40;7.5;38;0;-0.1;18.3;3.7;998.3
7015;20220425120000;20;3.5;66;0.2;0.2;11.1;5;1007.1
7015;20220426120000;10;6.6;48;0;5;14.7;3.8;1014.8
7015;20220427120000;30;4.5;51;0;0;14.6;4.6;1020.3
7015;20220428120000;30;5.1;46;0;0;17.9;6.1;1023.5
7015;20220429120000;350;4.2;60;0;0;15.1;7.4;1023
7015;20220430120000;20;4.3;55;0;0;12.5;3.7;1022.5
7015;20220501120000;60;3.4;48;0;0;14.7;3.8;1017.9
7015;20220502120000;30;5.1;39;0;0;17.9;3.7;1013.9
7015;20220503120000;10;3.8;48;0;0;16.5;5.4;1013.9
7015;20220504120000;310;4;48;0;0;17.3;6.2;1013.8
7015;20220505120000;320;4.2;72;-0.1;-0.1;15.7;10.7;1017.8
7015;20220506120000;250;2.7;49;0;0;20.1;9;1020.2
7015;20220507120000;360;2.7;58;0.4;0.4;19.3;10.8;1018.8
7015;20220508120000;40;5.4;43;0;0.6;19.2;6.3;1021.5
7015;20220509120000;180;2.9;44;0;0;22.9;10;1018.5
7015;20220510120000;240;8.6;40;0;0;23.4;9;1011.6
7015;20220511120000;240;7.2;46;0;0;21;8.9;1006.2
7015;20220512120000;240;4.9;45;0;-0.1;19.6;7.3;1014.2
7015;20220513120000;230;5.5;50;0;0;18;7.4;1016.5
7015;20220514120000;170;2;49;0;0;21.2;10.1;1016.5
7015;20220515120000;110;5.1;32;0;0;26.3;8.3;1010.2
7015;20220516120000;230;6.5;62;0;0;20.5;13;1012.8
7015;20220517120000;220;3.5;39;-0.1;-0.1;25.5;10.5;1013.5
7015;20220518120000;200;1.1;51;1;1.2;24;13.2;1016
7015;20220519120000;230;1.6;86;11;13.2;19.2;16.8;1012.8
7015;20220520120000;260;3.7;91;2.4;2.4;17.9;16.4;1009.3
7015;20220521120000;260;5.4;56;0;4.7;19.1;10.1;1017.1
7015;20220522120000;150;1.8;51;0;0;22.1;11.5;1008.4
7015;20220523120000;330;4.3;91;5.2;5.2;15.4;13.9;994.4
7015;20220524120000;220;7.2;66;2.4;10.1;15.7;9.4;1002
7015;20220525120000;230;9.3;52;0;0;17.5;7.5;1011.1
7015;20220526120000;240;6.2;58;0;1;19.1;10.6;1018.2
7015;20220527120000;310;4.7;58;0;0;19.3;10.8;1017.9
7015;20220528120000;340;5.5;49;0;0;17.9;7;1017.3
7015;20220529120000;360;5.2;68;-0.1;-0.1;13;7.2;1011.6
7015;20220530120000;120;1.3;47;0;0.4;15.5;4.2;1008.7
7015;20220531120000;240;5.4;46;0;0;17.9;6.1;1007.2
7015;20220601120000;300;4.8;49;0;0.4;16.7;5.9;1011.2
7015;20220602120000;90;3.5;46;0;0;19.4;7.5;1014.8
7015;20220603120000;100;3.8;39;0;0;24.9;10;1010.1
7015;20220604120000;50;5.2;59;-0.1;8.3;22.1;13.7;1012.7
7015;20220605120000;260;3.5;94;8.6;25.7;17.9;16.9;1007.6
7015;20220606120000;240;7.9;64;0.2;12.7;17.5;10.6;1010.5
7015;20220607120000;240;0.8;90;2.2;2.2;17;15.3;1007.7
7015;20220608120000;250;6.1;77;12.5;13.5;17.2;13.1;1001.5
7015;20220609120000;270;5.9;51;-0.1;0.2;19.9;9.5;1011.6
7015;20220610120000;210;5.9;58;0;-0.1;21.7;13.1;1015.6
7015;20220611120000;230;4;53;0;0;22.1;12.1;1018
7015;20220612120000;260;4.7;46;0;0;21.2;9.1;1018.2
7015;20220613120000;310;3.9;49;0;0;19.3;8.3;1019.6
7015;20220614120000;110;3.3;44;0;0;20.7;8;1016.2
7015;20220615120000;50;3.1;44;0;0;24.2;11.2;1012.6
7015;20220616120000;90;2.3;43;0;0;24.7;11.3;1017.4
7015;20220617120000;180;4.7;35;0;0;29.4;12.3;1016.4
7015;20220618120000;130;2.3;43;0;0;31.5;17.4;1009.9
7015;20220619120000;320;1.8;84;2.4;2.4;16.3;13.6;1009.3
7015;20220620120000;20;5.1;51;0;0.2;19.7;9.3;1012.1
7015;20220621120000;50;3.5;53;0;0;20.2;10.3;1008.9
7015;20220622120000;30;5.6;37;0;0;24.2;8.6;1006.8
7015;20220623120000;160;5.6;67;-0.1;-0.1;23.6;17.1;1005
7015;20220624120000;210;3.1;66;23.8;23.8;22;15.4;1001.2
7015;20220625120000;200;5.6;60;1.4;1.4;20.5;12.5;1005.8
7015;20220626120000;160;3.9;47;0;1.2;21;9.3;1009.8
7015;20220627120000;240;2.5;66;0.8;0.8;17.4;11;1012.3
7015;20220628120000;170;3.6;51;0;0;22.1;11.5;1013.7
7015;20220629120000;180;4.2;42;0;0;24.5;10.7;1008.1
7015;20220630120000;270;2.7;92;4.6;4.6;15.1;13.8;1007.7
7015;20220701120000;280;6.3;64;0.2;2.8;17.6;10.7;1013.5
7015;20220702120000;190;4.1;43;0;0;23.5;10.2;1014.5
7015;20220703120000;260;4.3;46;0;0;21.2;9.1;1014.6
7015;20220704120000;260;3.7;46;0;0;23.4;11.1;1015.4
7015;20220705120000;320;6;48;0;0;23.2;11.6;1018.3
7015;20220706120000;280;2.1;53;0;0;22.8;12.7;1020.7
7015;20220707120000;340;7.2;75;0;0;17.3;12.8;1022.5
7015;20220708120000;280;1.4;44;0;-0.1;24.3;11.3;1026.7
7015;20220709120000;320;6.2;54;0;0;23.5;13.7;1023.2
7015;20220710120000;330;1.9;46;0;0;23.9;11.6;1021.1
7015;20220711120000;30;4;43;0;0;25.9;12.4;1018.4
7015;20220712120000;130;2.4;27;0;0;29.3;8.4;1018.5
7015;20220713120000;290;4.7;38;0;0;30.1;14.2;1015.4
7015;20220714120000;360;3.4;44;-0.1;-0.1;25.2;12.1;1014.7
7015;20220715120000;290;1.8;39;0;0;21.9;7.3;1018.1
7015;20220716120000;20;3.3;42;0;0;24.8;11;1019.7
7015;20220717120000;50;2.4;32;0;0;26.1;8.1;1021.2
7015;20220718120000;150;3.3;22;0;0;32.6;8.1;1015.8
7015;20220719120000;160;6.3;19;0;0;36.9;9.5;1008.2
7015;20220720120000;170;3.6;72;2.8;2.8;23.1;17.8;1013
7015;20220721120000;300;5.3;76;0.2;1.8;20.6;16.2;1016.1
7015;20220722120000;60;3.3;59;0;0;21.5;13.1;1013.9
7015;20220723120000;230;2.5;47;0;0.4;25.9;13.7;1014.1
7015;20220724120000;200;5.1;40;0;0;29;14;1011.3
7015;20220725120000;240;8.8;52;0;0;22.6;12.2;1007.1
7015;20220726120000;300;4.4;50;0;0;21.8;10.9;1013
7015;20220727120000;30;3.6;43;0;0;21.6;8.5;1014.8
7015;20220728120000;60;4.9;40;0;0;23;8.7;1010.4
7015;20220729120000;290;2.6;38;0;0;25.4;10;1012
7015;20220730120000;160;3.3;39;0;0;25.7;10.7;1014
7015;20220731120000;240;7.9;67;0;0;23.3;16.8;1012.5
7015;20220801120000;150;2;55;0;0;24.1;14.5;1013.5
7015;20220802120000;240;4.5;50;0;0;26.6;15.3;1012.4
7015;20220803120000;210;5;40;0;0;31.2;16;1009.3
7015;20220804120000;270;3.6;61;-0.1;-0.1;25.9;17.8;1009.3
7015;20220805120000;320;6.6;49;0;0;22.5;11.2;1015.1
7015;20220806120000;30;3.8;40;0;0;22.5;8.2;1022.6
7015;20220807120000;40;4.8;34;0;0;23.1;6.4;1019.5
7015;20220808120000;10;5.2;43;0;0;24.5;11.1;1020.4
7015;20220809120000;50;5.7;41;0;0;26.2;11.9;1021.4
7015;20220810120000;40;4.9;30;0;0;30;10.5;1018.1
7015;20220811120000;50;3;26;0;0;31.1;9.3;1014.5
7015;20220812120000;80;6.1;23;0;0;32.3;8.5;1011
7015;20220813120000;110;4;21;0;0;31.7;6.7;1009.3
7015;20220814120000;110;4;26;0;0;30.8;9.1;1000.7
7015;20220815120000;180;6.5;45;0;0;26.4;13.5;998.9
7015;20220816120000;200;3.3;48;0;0;27.6;15.6;1003.3
7015;20220817120000;50;2.1;83;1.4;13.4;21;18;1006
7015;20220818120000;360;1.9;62;0;1.2;24.8;17;1008.5
7015;20220819120000;250;2.7;77;0.4;0.4;22.7;18.5;1010
7015;20220820120000;260;4.9;45;0;0.2;22.5;10;1013.5
7015;20220821120000;210;2.8;60;0;0;21.6;13.5;1011.8
7015;20220822120000;150;3.5;44;0;0;26.7;13.4;1008.2
7015;20220823120000;230;5.5;57;0;0;25.7;16.5;1010.8
7015;20220824120000;80;0.8;50;0;0;27.5;16.1;1011.9
7015;20220825120000;320;6.1;55;0;0;28.6;18.7;1009.1
7015;20220826120000;350;4.1;54;0;0;23.6;13.7;1012.5
7015;20220827120000;10;5.6;54;0;0;21.7;12;1012.4
7015;20220828120000;30;7.7;43;0;0;22.8;9.6;1014.9
7015;20220829120000;50;6.3;44;0;0;22.7;9.8;1015.4
7015;20220830120000;20;5.1;44;0;0;24.9;11.8;1013.7
7015;20220831120000;20;7.2;51;0;0;23.4;12.7;1014.5
7015;20220901120000;100;5;36;0;0;26.6;10.3;1012.3
7015;20220902120000;140;4;42;0;0;26.3;12.4;1006.5
7015;20220903120000;160;3.2;66;0;19.1;23.5;16.8;1004.9
7015;20220904120000;180;4.9;44;0.2;0.2;24.7;11.6;1012.1
7015;20220905120000;220;3.8;46;0;0;26.8;14.2;1012.6
7015;20220906120000;230;4.4;49;0;14.9;25.1;13.6;1009.5
7015;20220907120000;200;6.8;57;0;5.8;22.6;13.6;1006.7
7015;20220908120000;180;5.6;68;0.6;1.6;20.4;14.3;1002.2
7015;20220909120000;210;8.2;89;6.9;10.2;16.9;15.1;1002.2
7015;20220910120000;260;6.2;66;0;2;20.2;13.6;1009
7015;20220911120000;150;2.4;71;0;0;20.7;15.3;1014.1
7015;20220912120000;190;3.1;51;0;0;23.9;13.1;1008.1
7015;20220913120000;70;2.3;70;0.2;0.2;22.1;16.4;1004.6
7015;20220914120000;50;2.9;93;4.6;4.6;17;15.9;999.9
7015;20220915120000;290;4.3;61;0.2;1.6;19.5;11.8;1005.6
7015;20220916120000;310;7.2;58;0;0.2;15.4;7.2;1009.5
7015;20220917120000;290;7.1;52;0;12.1;15.2;5.4;1014.2
7015;20220918120000;270;7;51;0;0;16.1;6;1013.4
7015;20220919120000;290;4.8;44;0;0.4;17.7;5.3;1017.7
7015;20220920120000;320;3.1;45;0;0;18;5.9;1019.4
7015;20220921120000;60;2.7;53;0;0;17.8;8.1;1020.9
7015;20220922120000;150;2.9;43;0.2;0.2;18.8;5.9;1015.9
7015;20220923120000;160;2.4;63;0;0;17.6;10.5;1010.6
7015;20220924120000;10;3;91;3;7.4;15.5;14;1007.4
7015;20220925120000;310;3.6;61;0;0;16;8.5;1010.9
7015;20220926120000;220;5.5;95;7.3;10.1;12.1;11.3;994.2
7015;20220927120000;280;7.8;58;5.8;13.8;14.1;6;995.6
7015;20220928120000;270;3.6;60;0;1.2;15;7.3;994
7015;20220929120000;350;2.8;58;0.2;0.2;15.1;6.9;997.8
7015;20220930120000;210;6.1;51;0.2;0.2;17.4;7.2;1004.9
7015;20221001120000;270;8.3;58;1.2;9.5;19.4;10.9;1003.3
7015;20221002120000;250;3.1;96;10.5;10.7;13.4;12.8;1015.1
7015;20221003120000;130;2.8;70;0.2;2.4;16.6;11.1;1022.2
7015;20221004120000;190;5.6;72;0.2;0.2;17.4;12.3;1015.1
7015;20221005120000;210;9.9;68;0;0;17.3;11.3;1009.5
7015;20221006120000;230;4.9;57;0;0.8;17.5;8.9;1025.5
7015;20221007120000;210;4.9;54;0.2;0.2;17.9;8.5;1016.7
7015;20221008120000;290;4.6;51;0.2;0.2;16.2;6;1018.8
7015;20221009120000;150;4.1;61;0.2;0.2;17;9.4;1014.3
7015;20221010120000;210;1.9;86;1;1;15.6;13.3;1011
7015;20221011120000;60;3.1;57;0.2;0.2;14.7;6.3;1021.6
7015;20221012120000;170;1.5;63;0.2;0.2;15.1;8.1;1017
7015;20221013120000;180;3.9;85;0.6;0.6;14.8;12.3;1010.9
7015;20221014120000;250;3.5;69;0.8;1.2;17.2;11.5;1005.4
7015;20221015120000;250;7.4;71;0.2;0.2;18;12.7;1001.4
7015;20221016120000;180;3.9;68;0;0;17.8;11.8;1009.4
7015;20221017120000;210;4;82;9.7;10.3;18.4;15.3;1015.5
7015;20221018120000;70;3.5;62;-0.1;-0.1;19.2;11.7;1022.5
7015;20221019120000;90;6.2;73;0;0;17.4;12.5;1015.6
7015;20221020120000;170;3.7;84;8.6;8.6;17.9;15.2;1004.1
7015;20221021120000;170;6.9;70;0.2;17.7;20;14.4;1001
7015;20221022120000;230;4.2;66;0;0;18.8;12.3;1008.1
7015;20221023120000;150;5.6;77;1;1;19.1;15;999.1
7015;20221024120000;220;10.6;68;0;1;17.7;11.7;1002.4
7015;20221025120000;200;5.5;72;0;1.8;16.9;11.8;1010.5
7015;20221026120000;210;5.9;67;0.2;0.2;20;13.7;1010.6
7015;20221027120000;170;5.4;74;0.2;0.2;19.5;14.7;1012.6
7015;20221028120000;200;3.7;68;0;0;21.1;15;1012.1
7015;20221029120000;150;3.9;61;0;0;22.1;14.2;1010.5
7015;20221030120000;230;2.2;72;0;0;18.5;13.4;1011.4
7015;20221031120000;110;3.2;77;0.4;0.4;17.3;13.2;1009.3
7015;20221101120000;190;10.1;63;0;0.6;16;9;1009.5
7015;20221102120000;200;7.2;65;0;7.3;14.7;8.2;1015.5
7015;20221103120000;170;5.7;70;0;0;15.1;9.7;996.8
7015;20221104120000;330;5;82;0;3.8;11.3;8.3;1003.1
7015;20221105120000;170;4;85;0.2;0.6;10.6;8.2;1012.2
7015;20221106120000;170;7.4;93;3;3;9.8;8.7;1002.2
7015;20221107120000;200;8.7;80;0;4.5;14.8;11.4;1004.8
7015;20221108120000;180;10;73;0;0;14.9;10.1;998.6
7015;20221109120000;210;6.3;81;0.6;0.6;13.8;10.6;1004.4
7015;20221110120000;200;6.2;73;0.2;1.2;13.9;9.1;1020
7015;20221111120000;160;5.7;84;0;0;10.4;7.8;1024.7
7015;20221112120000;160;4;100;0.2;0.2;8.7;8.7;1024.2
7015;20221113120000;150;2.6;78;0.2;0.4;11.6;7.9;1014.9
7015;20221114120000;180;4.3;100;0.2;0.2;4.3;4.3;1005
7015;20221115120000;150;6.6;83;0.2;0.2;11.4;8.6;996.5
7015;20221116120000;170;6;82;0;4.4;12;9;991.6
7015;20221117120000;210;8;85;2.4;14.1;11.5;9.1;982.9
7015;20221118120000;220;5.9;81;0;2;11.9;8.7;996.9
7015;20221119120000;270;5.8;82;0.2;0.4;10.6;7.7;1005.4
7015;20221120120000;190;6.5;97;0.8;1.8;7.5;7.1;1001.7
7015;20221121120000;160;5.2;95;0.2;2.2;7.8;7;993.3
7015;20221122120000;200;7.1;91;0.2;3.6;8.4;7;985.6
7015;20221123120000;170;6.3;95;2.6;3.6;7.8;7;988.8
7015;20221124120000;180;6.3;78;2.8;4.2;10.6;6.9;1005
7015;20221125120000;230;6.2;79;3;10.1;11.8;8.3;1011.8
7015;20221126120000;170;4.4;84;0.2;0.4;10.5;7.9;1023.1
7015;20221127120000;160;4.6;97;6;6;6.6;6.2;1011.3
7015;20221128120000;220;3.1;88;1.4;8.5;10.7;8.8;1005
7015;20221129120000;210;1.9;100;0.4;0.4;5.1;5.1;1014.7
7015;20221130120000;360;1.9;100;0;0;6.4;6.4;1019.1
7015;20221201120000;40;4.6;78;0;0;7.2;3.6;1021.9
7015;20221202120000;50;4.9;95;-0.1;0.2;3.4;2.7;1016.6
7015;20221203120000;50;5;82;0;0.2;2.7;-0.1;1013
7015;20221204120000;70;4.7;85;0;0;1.9;-0.4;1009.9
7015;20221205120000;310;2.1;99;5;5;2.7;2.6;1014.6
7015;20221206120000;270;2.2;87;0.2;0.4;6.9;4.9;1016.2
7015;20221207120000;270;3.4;90;2.8;2.8;6.2;4.7;1013.3
7015;20221208120000;270;4.3;78;0;0.2;4.9;1.4;1003.8
7015;20221209120000;220;1.4;87;0.2;0.2;3;1;1000.7
7015;20221210120000;170;2.2;100;0;0;0.3;0.3;1005.5
7015;20221211120000;180;4.4;93;-0.1;-0.1;0;-1;1003.8
7015;20221212120000;140;4.1;80;0;0;-0.1;-3.1;1005.9
7015;20221213120000;90;4;71;0;0;-0.8;-5.4;1002.4
7015;20221214120000;30;3;68;-0.1;-0.1;0.7;-4.5;997.4
7015;20221215120000;320;1.2;89;0;0;-0.5;-2.1;1004.1
7015;20221216120000;20;1.9;76;-0.1;0.2;3.2;-0.6;1011
7015;20221217120000;160;3.5;97;0;0;-4.6;-5;1020.2
7015;20221218120000;160;6;85;0;0;-2.7;-4.9;1016.6
7015;20221219120000;180;8;85;0;0;8.8;6.4;1009.4
7015;20221220120000;180;6.4;96;3.8;4.2;9.9;9.3;1004.8
7015;20221221120000;190;6.1;92;0.4;13.3;8.4;7.2;1005.1
7015;20221222120000;190;4.8;97;9.5;11.5;9.8;9.3;1001.4
7015;20221223120000;210;8.8;92;10.7;13.1;13.5;12.2;995.6
7015;20221224120000;210;4.7;88;1.2;3;11.3;9.4;1008.2
7015;20221225120000;140;1.6;99;5;5;9.8;9.7;1004.2
7015;20221226120000;280;6.3;71;3;12.7;7;2.1;1011.8
7015;20221227120000;200;5.1;79;-0.1;-0.1;8;4.6;1019.8
7015;20221228120000;190;8.8;84;0.2;0.2;10.3;7.7;1004.4
7015;20221229120000;230;11.1;74;-0.1;2;10.2;5.8;1000.9
7015;20221230120000;160;9.8;96;7.1;8.7;8.4;7.8;992.7
7015;20221231120000;210;10.6;77;4.5;8.9;15.9;11.9;1002.6
7015;20230101120000;200;6.5;79;0.4;0.4;13;9.4;1009.5
7015;20230102120000;220;5.4;87;0.4;3.2;10.3;8.2;1012.5
7015;20230103120000;180;7.3;85;0;-0.1;8.9;6.5;1020.9
7015;20230104120000;220;8;96;0.6;1.8;12.4;11.8;1012.4
7015;20230105120000;220;4.4;92;0;0.2;12.2;10.9;1016.7
7015;20230106120000;210;5.9;91;0.2;0.6;11.6;10.2;1012.9
7015;20230107120000;170;9.3;74;0;0.6;10.7;6.3;1001.1
7015;20230108120000;190;9.1;77;0;0.6;9.5;5.7;994
7015;20230109120000;220;5.4;85;0.6;4.2;7.9;5.5;996
7015;20230110120000;180;7.9;93;2;3;6.1;5.1;1010.3
7015;20230111120000;230;7.9;76;0.4;4.5;11;6.9;1008.5
7015;20230112120000;210;8.9;96;1.2;3.4;10.5;9.9;1003.7
7015;20230113120000;260;11.6;65;0.2;4.6;10.6;4.3;1005.5
7015;20230114120000;200;12.3;92;1.6;1.6;11;9.7;996.1
7015;20230115120000;220;8.5;74;1.4;2.8;7.2;2.9;997.9
7015;20230116120000;260;5.8;90;5.4;10.2;5.7;4.2;972.3
7015;20230117120000;70;2.7;71;0.2;4.8;2.7;-2;982.3
7015;20230118120000;210;4.1;72;0;0;4.2;-0.4;992.5
7015;20230119120000;190;3.3;93;0.2;0.2;1.5;0.5;1002
7015;20230120120000;280;5.9;85;0;0;4.4;2.1;1010.7
7015;20230121120000;40;4.3;77;0;3.8;2;-1.6;1026.2
7015;20230122120000;20;5.1;77;0;0;2.1;-1.5;1027.5
7015;20230123120000;40;4.3;82;0;0;3.3;0.5;1030.7
7015;20230124120000;40;4.2;84;0;0;1.9;-0.5;1032.4
7015;20230125120000;280;1.9;87;0;0;-0.7;-2.6;1027.4
7015;20230126120000;10;6.7;82;2.4;2.8;6.8;3.9;1020.2
7015;20230127120000;30;5.7;77;0;-0.1;4.9;1.2;1021.4
7015;20230128120000;60;3.6;70;0;0;4.1;-0.9;1025.4
7015;20230129120000;200;4.3;78;0;0;3.3;-0.2;1022.7
7015;20230130120000;290;8.7;67;0.2;0.2;9;3.2;1017.9
7015;20230131120000;250;7.2;80;0.2;0.2;9.2;5.9;1019
7015;20230202120000;270;9;73;0;0;10.4;5.8;1022.6
7015;20230203120000;260;7.9;80;0;0;10.8;7.5;1025.6
7015;20230204120000;290;2.9;77;0.2;0.2;10.7;6.8;1031.9
7015;20230205120000;360;8.9;65;1;1;9;2.8;1036.4
7015;20230206120000;80;1.7;93;0.2;0.2;4.8;3.8;1035.7
7015;20230207120000;80;3.6;67;0.2;0.2;3.9;-1.7;1032.8
7015;20230208120000;120;2.8;36;0;0;7.3;-6.8;1030.3
7015;20230209120000;160;2.1;66;0;0;5.2;-0.6;1027.5
7015;20230210120000;220;3.5;84;0;0;8;5.5;1032.3
7015;20230211120000;230;2.6;86;0;0;9.4;7.2;1031.4
7015;20230212120000;60;3.5;69;0;0;8.2;2.8;1032.9
7015;20230213120000;140;1.8;75;0;0;9.6;5.4;1029.8
7015;20230214120000;170;2.3;74;0.4;0.4;9.9;5.5;1026.7
7015;20230215120000;180;3;68;0.2;0.2;9.7;4.1;1020.2
7015;20230216120000;200;5.2;83;0.6;0.6;10.6;7.8;1018.3
7015;20230217120000;240;9;86;0;0;11.2;8.9;1018.6
7015;20230218120000;250;11.4;81;0.2;0.2;11.5;8.4;1018.2
7015;20230219120000;280;6.7;69;0;0.4;11;5.5;1021.5
7015;20230220120000;240;8.1;84;0;0;8.9;6.3;1020.8
7015;20230221120000;190;3.4;98;0;0;6.3;6;1014.4
7015;20230222120000;240;3.6;97;0.2;0.4;8.4;8;1006.1
7015;20230223120000;30;2.9;83;-0.1;4.4;10;7.2;1010.7
7015;20230224120000;270;4.5;64;0;-0.1;7.1;0.7;1004.8
7015;20230225120000;350;7;68;0.2;0.2;7.3;1.8;1007.4
7015;20230226120000;30;8.8;41;0;0;4.2;-7.9;1019.3
7015;20230227120000;50;7.1;54;0;0;5;-3.6;1023.7
7015;20230228120000;50;5.9;48;-0.1;-0.1;4.8;-5.3;1023.9
7015;20230301120000;40;5.6;52;0;0;4.5;-4.5;1021.2
7015;20230302120000;30;5.9;54;0;0;6.9;-1.8;1016.5
7015;20230303120000;30;6.9;80;0;0;3.8;0.7;1021.2
7015;20230304120000;10;4.2;76;0;0;6.6;2.7;1021.9
7015;20230305120000;310;3.1;87;0.4;0.8;5;3;1013
7015;20230306120000;240;5.7;54;-0.1;-0.1;7.1;-1.6;1001.9
7015;20230307120000;320;4.7;94;1.8;2;4.8;3.9;993.3
7015;20230308120000;60;3.5;98;8.1;9.5;3.3;3;985.1
7015;20230309120000;220;9.5;71;5;11.8;13.4;8.2;991
7015;20230310120000;260;13.2;86;0.4;22.8;6.9;4.7;985.2
7015;20230311120000;150;2.4;59;0.2;0.2;6.4;-1;1006.4
7015;20230312120000;240;9.3;71;0;0.2;11.9;6.8;1005.4
7015;20230313120000;220;11.2;56;0;0.2;17.5;8.6;991.6
7015;20230314120000;270;9.3;67;2.6;3;7.5;1.8;997.7
7015;20230315120000;220;1.2;56;0.4;4.8;8.6;0.3;1013.6
7015;20230316120000;160;7;51;-0.1;-0.1;13.2;3.3;1005.8
7015;20230317120000;170;4.5;62;0;0;15;7.8;1000.7
7015;20230318120000;160;6.3;71;0.6;0.6;14.8;9.6;1003.7
7015;20230319120000;310;4.9;90;2;2;8.8;7.2;1010.3
7015;20230320120000;220;6;73;0;0;11.4;6.7;1014.3
7015;20230321120000;210;5.2;79;0.6;0.6;12.2;8.7;1007.9
7015;20230322120000;200;8.6;84;1.2;1.2;11.8;9.2;1001.3
7015;20230323120000;200;8.6;69;1;0;15.1;9.5;998.9
7015;20230324120000;240;9.1;78;1.4;2.6;11.5;7.8;998.8
7015;20230325120000;250;12.9;71;3;4.2;11.6;6.5;1002.2
7015;20230326120000;350;4.1;92;7.7;7.7;7.7;6.5;997.1
7015;20230327120000;330;6.7;52;0;0;7.8;-1.5;1019.8
7015;20230328120000;180;6;60;0;0;9.3;1.9;1017.9
7015;20230329120000;180;6.2;77;0;-0.1;14.9;10.9;1008
7015;20230330120000;240;11.5;62;2.8;2.8;15.1;7.9;1004.1
7015;20230331120000;210;13.2;81;3.6;6;11.2;8.1;987.6
7015;20230401120000;300;6.2;96;2.6;8.4;9.2;8.6;997.8
7015;20230402120000;360;6.1;86;-0.1;6.2;6.6;4.4;1017.3
7015;20230403120000;70;6.3;53;0;0;9.6;0.5;1023.1
7015;20230404120000;60;4.5;48;0;0;8.2;-2.2;1022.2
7015;20230405120000;210;1.2;37;0;0;11.6;-2.6;1016.5
7015;20230406120000;190;6.2;96;4.2;4.2;9.3;8.7;1008.5
7015;20230407120000;310;5.6;80;2.6;3.2;10.4;7.1;1014.1
7015;20230408120000;50;3.1;62;0;0;11.6;4.6;1020.1
7015;20230409120000;190;2.1;56;0.2;0.2;14.8;6.1;1017.5
7015;20230410120000;180;5.9;74;0.6;0.6;13.5;9;1007.5
7015;20230411120000;230;9;50;0;1.2;13.5;3.3;1009.8
7015;20230412120000;240;11.4;59;6.7;11.1;11.9;4.1;993.5
7015;20230413120000;240;9.6;47;1;5;13.2;2.1;999.3
7015;20230414120000;160;7.7;62;0;0;11.6;4.6;1000.4
7015;20230415120000;10;7.1;58;3.8;4.2;14.5;6.3;1009.8
7015;20230416120000;350;5.7;49;0;0;13.5;3;1020.3
7015;20230417120000;40;4.8;77;0;0;10.8;6.9;1021.5
7015;20230418120000;40;6.6;62;0;0;12.3;5.2;1018.4
7015;20230419120000;60;6.9;58;0;0;16.1;7.8;1017
7015;20230420120000;60;3.7;65;0;0;8.8;2.6;1011
7015;20230421120000;50;2.8;72;0.4;3.2;10.4;5.6;1005.4
7015;20230422120000;120;1.2;81;1;3.2;10.1;7;1001
7015;20230423120000;130;6.8;84;0.6;0.6;12.8;10.2;996.3
7015;20230424120000;270;4.5;77;2.2;4.8;10.7;6.8;1005.1
7015;20230425120000;340;5.3;53;1.2;2.4;10.4;1.2;1011.7
7015;20230426120000;60;1.4;45;0;0;11.4;-0.1;1013.2
7015;20230427120000;90;4.5;50;0;0;13.9;3.6;1012.3
7015;20230428120000;250;7.1;77;6.7;9.7;15.2;11.2;1006.8
7015;20230429120000;40;2.4;66;0;0;12.8;6.6;1015.7
7015;20230430120000;50;3.5;49;0;0;17.1;6.3;1015.4
7015;20230501120000;280;6.3;58;0;0;16.3;8;1011.3
7015;20230502120000;50;3.3;59;0.2;1.8;14.6;6.7;1021.2
7015;20230503120000;80;5.7;46;0;0;15.4;3.8;1019.7
7015;20230504120000;90;5.4;43;0;0;22.1;8.9;1008.7
7015;20230505120000;210;4.9;65;1.4;6.3;16.9;10.3;1011.1
7015;20230506120000;180;4.9;55;0;1.2;19;9.7;1010.4
7015;20230507120000;200;2.2;87;7.7;7.7;17.3;15.1;1012.1
7015;20230508120000;220;3.8;79;0;3.6;15.1;11.5;1016.2
7015;20230509120000;180;5.2;96;11.7;11.7;13.4;12.8;1005.2
7015;20230510120000;250;3;70;7.5;9.3;15.7;10.2;1007.4
7015;20230511120000;300;2.4;92;11.1;11.5;12.5;11.2;1010.5
7015;20230512120000;20;3.9;96;7.9;13.2;13.6;13;1010.6
7015;20230513120000;340;6.7;68;0;0.6;17.8;11.8;1016.2
7015;20230514120000;290;3.2;69;0;0;17.2;11.5;1013.6
7015;20230515120000;340;7.7;91;6.5;6.5;11.9;10.5;1011.6
7015;20230516120000;340;5;51;0;0.2;15.1;5;1017.9
7015;20230517120000;10;4.3;54;0;0;16.2;6.9;1022.3
7015;20230518120000;30;5.2;49;0;0;14.9;4.3;1021.5
7015;20230519120000;40;4.1;45;0;0;17.9;5.8;1018.9
7015;20230520120000;50;7.7;45;0;0;19.3;7.1;1014.5
7015;20230521120000;340;4.2;70;0;0;17.9;12.3;1011.5
7015;20230522120000;300;5.1;80;0;0;15.4;12;1012.7
7015;20230523120000;10;6.2;64;0;0;15;8.2;1019
7015;20230524120000;360;3.3;54;0;0;17.3;7.9;1019.4
7015;20230525120000;30;5.8;52;0;0;18.2;8.2;1021.7
7015;20230526120000;40;6.5;40;0;0;17.2;3.5;1023.2
7015;20230527120000;40;5.2;50;0;0;20.7;9.9;1017.7
7015;20230528120000;40;5.5;38;0;0;22.8;7.7;1014.4
7015;20230529120000;30;7.6;54;0;0;18.5;9;1018.4
7015;20230530120000;10;6.1;56;0;0;17.5;8.6;1020.4
7015;20230531120000;40;6.5;45;0;0;23;10.4;1017.2
7015;20230601120000;20;5.3;55;0;0;21;11.6;1016.4
7015;20230602120000;20;5.5;53;0;0;16;6.4;1016
7015;20230603120000;40;6.8;41;0;0;21.3;7.5;1014.6
7015;20230604120000;20;5.2;34;0;0;22.5;5.8;1015.7
7015;20230605120000;10;6.6;48;0;0;22;10.5;1015.3
7015;20230606120000;20;5.3;55;0;0;22.1;12.6;1014.3
7015;20230607120000;30;5.1;49;0;0;23.4;12.1;1013.6
7015;20230608120000;40;5.9;52;0;0;23.8;13.3;1009.9
7015;20230609120000;70;5.4;38;0;0;28.3;12.6;1006.3
7015;20230610120000;100;7;32;0;0;29.7;11.2;1007.6
7015;20230611120000;110;3.1;38;0;0;30.4;14.5;1008.1
7015;20230612120000;70;2.8;40;-0.1;-0.1;29.2;14.2;1008.6
7015;20230613120000;70;3.9;32;1.3;1.3;28.5;10.2;1006.6
7015;20230614120000;60;3.8;29;0;0;27.6;8;1009.7
7015;20230615120000;80;4;33;0;0;26.4;8.8;1013.5
7015;20230616120000;260;1.8;35;0;0;25.6;9;1013
7015;20230617120000;150;3.6;32;0;0;27.5;9.3;1008.7
7015;20230618120000;150;3.3;62;2.4;2.4;25;17.2;1005.2
7015;20230619120000;150;2.8;56;0;0;24;14.7;1007.9
7015;20230620120000;180;6.4;58;0.2;1;26.8;17.8;1003.3
7015;20230621120000;260;3.9;54;2.8;5.6;23.9;14;1012.7
7015;20230622120000;10;1.2;88;1.8;1.8;19.8;17.8;1011.3
7015;20230623120000;160;2.8;48;0.2;0.6;25.8;14;1019.2
7015;20230624120000;250;2.5;40;0;0;25.5;10.9;1018.9
7015;20230625120000;170;4.8;34;0;0;30.8;13.1;1010.3
7015;20230626120000;270;6.6;40;0;0;23.2;8.8;1015.4
7015;20230627120000;270;4.8;41;0;0;23.3;9.3;1016
7015;20230628120000;230;3.3;68;0;0;22.3;16.1;1013.3
7015;20230629120000;280;3.7;59;0;0;24.2;15.7;1009.4
7015;20230630120000;230;6.4;47;0;-0.1;22.3;10.4;1008.9
7015;20230701120000;240;7.3;73;1.2;1.2;19.4;14.4;1001
7015;20230702120000;240;6.5;40;0;-0.1;22;7.8;1007.1
7015;20230703120000;250;7.6;48;-0.1;-0.1;19.8;8.5;1007.9
7015;20230704120000;190;5.3;51;0;0;20.7;10.2;1008
7015;20230705120000;250;8.7;60;-0.1;7.3;20;12;1007.4
7015;20230706120000;210;4.9;41;0;0.6;21.9;8;1012.8
7015;20230707120000;130;5.6;33;0;0;29.2;11.3;1011.5
7015;20230708120000;160;3.2;42;0;0;29.5;15.2;1010.3
7015;20230709120000;360;1.3;72;-0.1;-0.1;23.5;18.2;1015.1
7015;20230710120000;200;2.7;45;0.2;0.6;26.4;13.5;1015.6
7015;20230711120000;220;6;43;0;0;28.4;14.6;1006.2
7015;20230712120000;250;8.8;45;0.8;1.4;22.4;9.9;1008.4
7015;20230713120000;250;7;50;0;0;22.1;11.2;1013
7015;20230714120000;140;6.4;44;0;0;24.4;11.4;1006.3
7015;20230715120000;190;8.5;45;0;-0.1;25.7;12.9;998.8
7015;20230716120000;210;7.1;53;-0.1;3;20.7;10.8;1009.1
7015;20230717120000;270;7.5;50;0;0.4;22.1;11.2;1014.2
7015;20230718120000;240;2.8;40;0;0;24.1;9.7;1013
7015;20230719120000;240;7.2;56;0;0;21.6;12.4;1010.2
7015;20230720120000;180;4.4;55;0;-0.1;21.9;12.4;1009.7
7015;20230721120000;310;6.4;41;0;0;21.6;7.8;1007.7
7015;20230722120000;230;6.6;53;0;0;19.7;9.8;1008.6
7015;20230723120000;200;8.9;66;-0.1;-0.1;22.3;15.6;1001.9
7015;20230725120000;10;5.1;48;2.6;2.6;19;7.7;1004.3
7015;20230726120000;220;5.4;53;0;0;20;10.1;1008.6
7015;20230727120000;220;6.9;91;8.7;11.7;18.1;16.6;1001.2
7015;20230728120000;250;6.4;68;1.4;6.2;21.9;15.7;1003
7015;20230729120000;220;5.5;78;-0.1;-0.1;20.8;16.8;1003
7015;20230730120000;240;10.4;49;0;0.2;22.3;11.1;1008.6
7015;20230731120000;200;8.6;85;0.6;1;18.9;16.3;1002.7
7015;20230801120000;250;9.2;65;0.4;10.1;19.9;13.1;998.5
7015;20230802120000;240;11;62;4.6;4.6;20.8;13.2;986.1
7015;20230803120000;310;5.7;66;1;9;19.9;13.4;999.3
7015;20230804120000;350;4.2;66;0.4;0.4;20.4;13.8;1010.8
7015;20230805120000;160;5.3;78;0.8;0.8;15.9;12.1;1004.2
7015;20230806120000;290;11.5;62;1.8;4.6;17.1;9.8;1008.7
7015;20230807120000;280;7;51;0;1;20;9.5;1014.2
7015;20230808120000;250;6.9;58;0.2;0.2;19.4;10.9;1010.8
7015;20230809120000;290;5.1;46;0.4;0.4;22.1;9.9;1013.2
7015;20230810120000;130;3.4;34;0;0;25.1;8.1;1015.1
7015;20230811120000;260;4.5;67;0;0;25;18.4;1014.6
7015;20230812120000;240;6.9;55;5.6;5.6;23.7;14.1;1011.3
7015;20230813120000;250;4.5;71;0;0;20.9;15.4;1010.8
7015;20230814120000;170;4.4;46;0;0;26.3;13.8;1007
7015;20230815120000;250;4.5;59;0;0;23.8;15.3;1011.4
7015;20230816120000;80;3.5;54;0;0;24.3;14.4;1014.4
7015;20230817120000;30;3.2;73;0;0;21;16;1013.4
7015;20230818120000;60;2.2;77;0;0;23.2;18.9;1009
7015;20230819120000;220;5.8;64;-0.1;-0.1;23.6;16.4;1012
7015;20230820120000;90;1.9;48;0;0;26.5;14.6;1016.8
7015;20230821120000;320;1.5;49;0;0;24.9;13.4;1018.8
7015;20230822120000;310;3.3;56;0;0;24.3;15;1016.1
7015;20230823120000;240;2;44;0;0;27.2;13.9;1014.6
7015;20230824120000;160;5.3;89;7.1;7.1;20.7;18.8;1006.3
7015;20230825120000;260;3.8;72;3.7;3.7;21.6;16.3;1003.8
7015;20230830120000;280;5.8;53;0;0;18.6;8.8;1002.4
7015;20230831120000;190;4.2;61;0.4;12.9;19.1;11.4;1006.3
7015;20230901120000;230;5.7;74;0;0;21.9;17.1;1007
7015;20230902120000;60;2.5;65;0.2;2;23.6;16.6;1014.9
7015;20230903120000;80;3.2;61;0.2;0.2;24.6;16.6;1021.8
7015;20230904120000;70;4.9;47;0;0;25.9;13.7;1017.3
7015;20230905120000;80;3.1;55;0;0;26.9;17.1;1011.5
7015;20230906120000;100;3.3;48;0;0;30.1;17.9;1013.3
7015;20230907120000;90;3.5;55;0;0;27.5;17.7;1011.3
7015;20230908120000;240;3.2;48;0;0;30.4;18.2;1011.5
7015;20230909120000;200;3.1;45;0;0;31.5;18.1;1010.7
7015;20230910120000;160;4.6;37;0;0;32.3;15.8;1010.6
7015;20230911120000;270;4.1;53;0;0;26.7;16.3;1008.4
7015;20230912120000;290;4.1;69;0.2;2.6;22.3;16.3;1008.4
7015;20230913120000;20;6;59;0.2;0.2;20.7;12.4;1014.5
7015;20230914120000;50;1.8;52;0;0;23.1;12.7;1016
7015;20230915120000;90;4.4;51;0;0;24.2;13.4;1010.1
7015;20230916120000;60;5.7;52;0;-0.1;25.9;15.3;1006.7
7015;20230917120000;80;1.7;72;0;-0.1;23.1;17.8;1006.3
7015;20230918120000;180;9.6;57;0.2;0.6;23.6;14.6;998.8
7015;20230919120000;220;11.1;61;0.4;4.1;19.6;11.9;1005.6
7015;20230920120000;190;7.6;69;0;0.2;20.4;14.5;1000.4
7015;20230921120000;110;2.5;97;30.3;30.3;14.6;14.1;991.1
7015;20230922120000;240;1.1;87;1;2.2;13.2;11.1;996.3
7015;20230923120000;260;6.2;58;0.2;0.4;18;9.6;1011.9
7015;20230924120000;180;7.9;50;0.2;0.2;19.1;8.4;1018
7015;20230925120000;200;2.2;68;0;0;19.9;13.8;1016.6
7015;20230926120000;160;3.3;62;0.2;0.2;21;13.4;1013.6
7015;20230927120000;200;2.5;64;0;0;21.8;14.7;1011.9
7015;20230928120000;190;5;61;0;0;19.6;11.9;1012.2
7015;20230929120000;290;8.4;82;0.8;0.8;18.5;15.4;1014.1
7015;20230930120000;230;2.4;65;0.2;0.2;18.4;11.7;1021.2
7015;20231001120000;190;5.7;58;0.2;0.2;23.6;14.9;1017.4
7015;20231002120000;150;4.4;59;0;0;24.5;16;1013
7015;20231003120000;260;10.2;57;-0.1;-0.1;18.8;10.1;1014.4
7015;20231004120000;230;6.1;60;0.2;0.2;18.5;10.6;1022.2
7015;20231005120000;250;3.6;67;0;0;17.7;11.5;1021.3
7015;20231006120000;240;6.3;57;0;0;20.5;11.7;1019.6
7015;20231007120000;230;6.7;63;0;0;22.1;14.7;1019.1
7015;20231008120000;180;2.5;48;0;0;23.4;11.8;1019.8
7015;20231009120000;220;2.6;57;0;0;22.9;13.9;1016.6
7015;20231010120000;190;4.5;40;0.2;0.2;24.2;9.7;1013.6
7015;20231011120000;200;5.3;70;0;0;19.9;14.3;1010.2
7015;20231012120000;200;4.6;93;4.4;4.4;17.1;16;1008.6
7015;20231013120000;200;7;64;1.6;2.4;21.9;14.8;999.8
7015;20231014120000;270;7.1;64;-0.1;9.3;14.4;7.7;1011.7
7015;20231015120000;310;6.5;45;0.2;0.4;11.9;0.3;1019.1
7015;20231016120000;80;3.7;62;0;0;11.9;4.8;1015.9
7015;20231017120000;80;5.9;57;0;0;13.2;4.9;1009.4
7015;20231018120000;100;6;64;0;0;17;10.1;993.3
7015;20231019120000;160;6.2;83;0.4;11.1;17.9;15;983.4
7015;20231020120000;200;4.8;95;12.5;13.3;14.7;13.9;972.6
7015;20231021120000;170;8.8;85;3;3;12.8;10.3;985
7015;20231022120000;210;4.6;73;0.2;5;15.9;11.1;1002
7015;20231023120000;80;4.3;82;0.4;0.4;12.7;9.7;1002.7
7015;20231024120000;230;8;68;2.4;7.8;15.2;9.3;997.2
7015;20231025120000;300;3.1;93;5.6;15.6;11.6;10.5;986.9
7015;20231026120000;170;3;90;3.4;3.4;14.2;12.6;988.5
7015;20231027120000;200;6;81;1.4;6.4;14.2;11;987.5
7015;20231028120000;200;9.3;72;0;3.2;15;10;990.2
7015;20231029120000;170;7.2;83;2.4;5.4;12.7;9.9;987
7015;20231030120000;120;3.7;93;2.2;2.2;11.8;10.7;991.9
7015;20231031120000;200;6.7;90;2;7;12;10.4;998.1
7015;20231101120000;180;8.3;79;0.2;6.7;13.6;10;991.1
7015;20231102120000;190;14.8;76;2;2.8;11.1;7;966.1
7015;20231103120000;200;9.7;67;0.2;4.2;11.7;5.8;981.5
7015;20231104120000;170;8.9;90;4.8;5.8;10.6;9;966
7015;20231105120000;250;10.6;74;1.8;2.4;12.6;8.1;978.1
7015;20231106120000;210;8.5;88;4.7;7.1;10.5;8.6;996.4
7015;20231107120000;230;6.8;75;0.2;0.6;10.7;6.4;1005.3
7015;20231108120000;180;9.5;82;-0.1;0.2;10.2;7.3;1004.8
7015;20231109120000;200;8.3;81;0;9.1;10.9;7.8;995.8
7015;20231110120000;220;7;86;9.1;15.5;8.2;6;990.5
7015;20231111120000;250;5.1;75;0;8.9;10.6;6.3;1002
7015;20231112120000;100;2.1;92;0.2;0.2;8;6.8;1000.6
7015;20231113120000;220;11;91;7.7;8.9;14.9;13.4;994.2
7015;20231114120000;210;7.6;83;2.2;2.6;13.2;10.4;999.3
7015;20231115120000;250;8.3;70;0.2;2.6;13.5;8.1;1011.6
7015;20231116120000;70;3.9;95;3.4;3.4;8;7.2;1003
7015;20231117120000;280;3.5;80;1.4;4;10.2;6.9;1015.3
7015;20231118120000;180;7.7;95;3.6;3.6;9.6;8.8;1009.5
7015;20231119120000;230;8.5;81;1.4;3.4;12.8;9.6;1006.2
7015;20231120120000;170;6.3;95;6;7;9.8;9;1002.8
7015;20231121120000;360;3.6;94;4;6.4;11.9;11;1012.9
7015;20231122120000;200;2.5;88;-0.1;-0.1;7.3;5.4;1025.4
7015;20231123120000;250;6;85;0;0;12.6;10.1;1019.4
7015;20231124120000;310;9.2;63;0.2;0.2;8.3;1.7;1010.4
7015;20231125120000;300;7.8;81;2.2;4.8;6.7;3.7;1011.9
7015;20231126120000;220;2.9;83;-0.1;-0.1;6.6;3.9;1011.8
7015;20231127120000;200;6.1;97;8.9;12.3;7.8;7.4;991
7015;20231128120000;50;3.7;65;0;4;4.1;-1.9;1003.7
7015;20231129120000;250;4.1;67;0;0;6.3;0.6;999
7015;20231130120000;60;2.4;98;0;-0.1;2.9;2.6;995.7
7015;20231201120000;60;4.5;82;0;0;0.2;-2.5;1001.6
7015;20231202120000;220;2.2;77;0;0;1.6;-2;1009.7
7015;20231203120000;150;7.5;99;-0.1;0.2;-0.3;-0.4;1011.7
7015;20231204120000;130;6.2;95;-0.1;0.2;2.9;2.2;994.5
7015;20231205120000;300;3.4;98;3.2;6.4;6;5.7;999.2
7015;20231206120000;260;3.3;87;0.2;0.2;7.1;5.1;1011.8
7015;20231207120000;130;6.9;86;0;0;5;2.9;1008.2
7015;20231208120000;220;5;97;0.4;3.4;9.2;8.7;1002.7
7015;20231209120000;170;9.4;96;5.4;5.4;8.7;8.1;990
7015;20231210120000;200;10.8;84;0;1;9.8;7.2;1002.3
7015;20231211120000;260;8.9;71;-0.1;3.4;11.9;6.8;1000.5
7015;20231212120000;200;6.4;91;0.6;0.6;12.7;11.3;995.7
7015;20231213120000;280;6.2;96;2.6;3.6;8.8;8.2;992.3
7015;20231214120000;280;5.3;90;0.4;5.8;7.2;5.7;1016.4
7015;20231215120000;270;3.4;81;0;-0.1;9.5;6.4;1031.4
7015;20231216120000;200;4.8;82;0;0;10;7.1;1035.2
7015;20231217120000;200;5.9;72;0;0;8.5;3.7;1032.1
7015;20231218120000;180;6.2;92;0;0;5.3;4.1;1027
7015;20231219120000;200;7;92;0.8;0.8;8.1;6.9;1014.5
7015;20231220120000;250;7.6;82;0;6.7;9.2;6.3;1013.8
7015;20231221120000;260;12.9;88;-0.1;-0.1;11.9;10;999.7
7015;20231222120000;280;10.4;75;0.4;2.4;11.9;7.6;1004.6
7015;20231223120000;260;9.6;68;0;-0.1;11.6;5.9;1008.9
7015;20231224120000;240;13.7;88;2;2;12.6;10.7;1003.5
7015;20231225120000;230;8.9;91;5.2;5.2;12.4;11;1005.8
7015;20231226120000;250;4.6;77;0.2;0.4;10;6.2;1012.6
7015;20231227120000;180;8.2;87;1.4;1.4;10;7.9;1007.2
7015;20231228120000;210;8.9;73;0;-0.1;11.4;6.7;1007.1
7015;20231229120000;210;9.4;90;4.8;4.8;10.7;9.1;1004.5
7015;20231230120000;190;7.7;83;0.2;2.6;10.1;7.3;1006.3
7015;20231231120000;200;10.3;69;1.6;1.6;9.5;4.1;990.7
7015;20240101120000;220;7.4;85;4.8;6.2;7.8;5.4;1001.8
7015;20240102120000;190;10.3;93;10.6;17.6;12.2;11.1;985.2
7015;20240103120000;210;9.1;81;8.7;13.9;11.3;8.2;988.2
7015;20240104120000;210;6.4;85;0.4;2.8;9.4;7;1000.3
7015;20240105120000;250;10.3;82;0.8;2.8;7.5;4.6;994.3
7015;20240106120000;10;4.2;90;1;2.6;5.9;4.4;1007.4
7015;20240107120000;20;6.4;90;-0.1;-0.1;2;0.5;1017.3
7015;20240108120000;40;7.8;69;0;0;-0.8;-5.8;1024
7015;20240109120000;40;6.8;56;0;0;-2;-9.6;1023.6
7015;20240110120000;60;4.1;57;0;0;-1.8;-9.2;1021.5
7015;20240111120000;20;4.7;58;0;0;0.9;-6.4;1028.7
7015;20240112120000;60;1.4;83;0;-0.1;3.8;1.2;1028.4
7015;20240113120000;200;4.7;83;0;0;2.1;-0.5;1019.5
7015;20240114120000;200;4.8;96;-0.1;-0.1;-0.4;-1;1007.2
7015;20240115120000;300;7.8;67;-0.1;0.6;3.4;-2.2;1002.4
7015;20240116120000;230;3.7;63;0;0;3;-3.4;1004.4
7015;20240117120000;20;5.5;95;-0.1;-0.1;-1.3;-2;983.1
7015;20240118120000;300;2.8;90;0.2;0.2;1.5;0;999.1
7015;20240119120000;240;2.1;86;0.2;1.2;1.1;-1;1017.7
7015;20240120120000;170;5.8;97;0;0.6;-3.1;-3.5;1024.1
7015;20240121120000;180;8.2;87;0.6;0.6;3.4;1.4;1015.2
7015;20240122120000;240;9.3;73;1.6;1.6;11;6.3;1006.6
7015;20240123120000;190;5.6;92;-0.1;0.2;7.9;6.7;1020.6
7015;20240124120000;260;11.6;69;1.2;2.4;12.2;6.7;1021.2
7015;20240125120000;150;2;99;0.8;0.8;9.5;9.4;1022.7
7015;20240126120000;290;10.5;48;2.2;2.2;9.9;-0.6;1023.7
7015;20240127120000;180;3.6;75;0.2;0.2;6.8;2.7;1030.5
7015;20240128120000;160;5.3;71;0;0;7.6;2.7;1020.3
7015;20240129120000;180;5.1;82;0;0;10.3;7.4;1020.7
7015;20240130120000;250;8.5;72;0;0;10.5;5.7;1023.6
7015;20240131120000;220;6.1;64;0;-0.1;8.2;1.8;1027.2
7015;20240201120000;330;2.6;75;1.6;1.6;8.8;4.6;1028
7015;20240202120000;220;6.1;93;0;0;9.4;8.3;1025.5
7015;20240203120000;250;8.2;85;0;0;11.4;9;1023.3
7015;20240204120000;240;7.9;93;-0.1;-0.1;10.7;9.6;1021.1
7015;20240205120000;230;10.1;80;0;0;9.3;6;1018.1
7015;20240206120000;220;8.2;78;-0.1;-0.1;11.9;8.2;1008.5
7015;20240207120000;90;4.4;97;19;19.2;5.4;5;999.7
7015;20240208120000;190;8.4;97;5.2;8.8;11.5;11;988.5
7015;20240209120000;200;9.1;76;0.5;6.1;13;8.9;978.9
7015;20240210120000;140;3.1;88;-0.1;0.2;11.3;9.4;979.8
7015;20240211120000;190;5.4;81;0.2;3.6;10.4;7.3;985
7015;20240212120000;270;4.7;75;0;2.4;9.7;5.5;1000.8
7015;20240213120000;190;6.1;72;0;0.6;8.9;4.1;1011.7
7015;20240214120000;210;7.6;92;0.6;0.8;12.5;11.2;1011.5
7015;20240215120000;150;5.3;71;0.4;1;15.7;10.5;1007
7015;20240216120000;280;4.9;92;1.4;1.4;12.8;11.5;1010.6
7015;20240217120000;230;3.4;65;0;0;13.5;7;1027
7015;20240218120000;220;7.6;92;4.8;4.8;10.8;9.6;1018.9
7015;20240219120000;250;7;86;0;3;10.8;8.6;1023.3
7015;20240220120000;220;6.2;86;0.2;0.8;9.4;7.2;1024
7015;20240221120000;180;6.6;84;0;-0.1;9.5;6.9;1007.2
7015;20240222120000;190;10.1;93;1.8;7;13.8;12.7;978.7
7015;20240223120000;200;7.8;81;1.6;3.8;7.7;4.6;986
7015;20240224120000;190;6.9;77;0.8;6.8;6.7;2.9;993.5
7015;20240225120000;160;4.9;81;-0.1;2;8;4.9;993.5
7015;20240226120000;20;9.4;90;16.5;25;5.8;4.3;996.8
7015;20240227120000;350;4.7;63;0;0.4;9.6;2.9;1013.6
7015;20240228120000;190;6.3;81;-0.1;-0.1;9.8;6.7;1016.2
7015;20240229120000;160;6.1;97;1.8;1.8;8.7;8.2;1002.4
7015;20240301120000;190;11.4;88;1.8;3;7.3;5.4;993.6
7015;20240302120000;160;4.9;89;0.6;7.5;8;6.3;991.6
7015;20240303120000;320;4.2;90;6.2;27.6;6.5;5;996.7
7015;20240304120000;140;3.7;68;0;2.4;10;4.4;1007
7015;20240305120000;180;4;82;0.6;0.6;9;6.1;1008
7015;20240306120000;140;2.6;66;0;-0.1;10.6;4.5;1017
7015;20240307120000;60;5.2;74;0;0;10.2;5.8;1014.7
7015;20240308120000;90;6.2;61;0;0;10.3;3.1;1000.9
7015;20240309120000;140;7.9;55;0;-0.1;14;5.1;990.5
7015;20240310120000;360;0.9;74;0.2;0.4;11.3;6.8;989.5
7015;20240311120000;260;5.6;93;2.6;5.6;9.2;8.1;998.1
7015;20240312120000;190;5.9;91;1;4;9;7.6;1009.4
7015;20240313120000;230;5.5;80;0;13.3;12.5;9.1;1011.2
7015;20240314120000;170;5.5;63;0.2;0.2;16.1;9;1005.4
7015;20240315120000;240;8.5;85;0.6;0.6;13.4;10.9;1003.8
7015;20240316120000;260;2.7;63;0.6;2.8;11.3;4.5;1017.3
7015;20240317120000;170;6;86;3.2;3.2;12.9;10.6;1012.7
7015;20240318120000;240;6;75;0;2;14.2;9.8;1012
7015;20240319120000;270;4.9;61;0;0;15.9;8.4;1012.7
7015;20240320120000;180;1.2;61;0.2;0.2;17.3;9.7;1013.2
7015;20240321120000;260;2.2;90;0;0;10.1;8.5;1021.8
7015;20240322120000;250;5.8;75;0;0;11.9;7.6;1013
7015;20240323120000;260;10.8;54;1.6;8.7;10.7;1.8;1006.9
7015;20240324120000;290;8;62;-0.1;0.8;10.3;3.3;1004.4
7015;20240325120000;150;5.2;56;-0.1;0.2;11.5;3;998.3
7015;20240326120000;140;3.4;70;0;0;12.5;7.2;983.9
7015;20240327120000;180;7.7;68;0.4;2.6;10.2;4.6;981.3
7015;20240328120000;190;11.1;60;2.8;2.8;10.8;3.3;981.4
7015;20240329120000;190;9.2;65;1.2;1.2;12.7;6.3;987.6
7015;20240330120000;210;3;89;6.6;6.6;9.8;8.1;991.7
7015;20240331120000;150;8.3;72;-0.1;-0.1;13.4;8.5;988.4
7015;20240401120000;200;8;67;0;1.8;13.7;7.7;992.6
7015;20240402120000;220;10.2;78;1;1;11.4;7.7;1002.1
7015;20240403120000;200;7.4;88;5;8.4;13.8;11.8;997.6
7015;20240404120000;240;12.2;65;6.8;8.4;15.3;8.8;1001.7
7015;20240405120000;220;9.3;65;0.6;0.6;17.9;11.2;1002.7
7015;20240406120000;180;6.9;48;0;0;21.4;9.9;1002.3
7015;20240407120000;210;9.6;47;1.4;1.4;19.6;8;1008.5
7015;20240408120000;130;5;72;0.2;0.8;17.1;12;1001.1
7015;20240409120000;210;9.9;71;1.2;5.1;12.2;7.1;1006.1
7015;20240410120000;230;5.1;41;0;0.4;14.7;1.6;1023.9
7015;20240411120000;230;4.8;81;0.6;0.6;14.9;11.7;1026.9
7015;20240412120000;240;6.7;57;0;0;21.1;12.2;1025.9
7015;20240413120000;200;8.1;55;0;0;22.7;13.2;1018.2
7015;20240414120000;270;3.6;54;0;0;15.2;5.9;1018
7015;20240415120000;220;10.7;81;0.4;0.4;11;7.9;999.4
7015;20240416120000;280;10.2;69;0.4;5.2;11;5.5;1004.5
7015;20240417120000;310;6.9;66;0.4;8.4;9.6;3.6;1007.8
7015;20240418120000;340;2.1;54;-0.1;1;11;2;1016.7
7015;20240419120000;290;8.7;85;3.2;3.2;10.7;8.3;1008.1
7015;20240420120000;360;7.3;65;0.6;3;8.7;2.5;1020.2
7015;20240421120000;40;8.4;61;1.6;2;9;1.9;1019.9
7015;20240422120000;340;6.1;57;0.2;0.2;9.3;1.2;1019.7
7015;20240423120000;350;3.8;43;0;-0.1;10.5;-1.6;1015.3
7015;20240424120000;310;7;78;1.8;2.4;9.2;5.6;1007.4
7015;20240425120000;210;5.1;50;0.4;1;10.4;0.4;999.9
7015;20240426120000;100;1.8;77;3;3;9.8;6;999.2
7015;20240427120000;150;5.2;69;3.8;4;15.6;9.9;997.9
7015;20240428120000;220;11;69;-0.1;1;11.7;6.2;1002.9
7015;20240429120000;160;6;56;0.2;0.2;16.9;8.1;1013
7015;20240430120000;150;4.2;65;-0.1;-0.1;17.8;11.1;1008.4
7015;20240501120000;30;3.3;58;0.4;1;22;13.4;1000.4
7015;20240502120000;250;7.5;74;0;0;16.1;11.5;995.8
7015;20240503120000;240;8.5;60;-0.1;-0.1;14.8;7.1;1006
7015;20240504120000;170;4.1;59;0.2;0.2;14.8;6.9;1006.3
7015;20240505120000;160;4.4;55;0.2;3.2;17.3;8.2;1004.1
7015;20240506120000;210;5.8;71;1.6;1.6;17.3;12;1001.5
7015;20240507120000;40;4.4;64;0.4;1.8;17.7;10.8;1014.5
7015;20240508120000;10;2.7;73;0;0;13.3;8.6;1023.2
7015;20240509120000;340;1.6;62;0;0;18.3;10.9;1021.4
7015;20240510120000;20;3;49;0;0;21.4;10.2;1017.9
7015;20240511120000;60;5.7;41;0;0;24.1;10;1014.2
7015;20240512120000;150;3.6;46;0;0;25.5;13;1007.2
7015;20240513120000;130;4.5;75;0;13.9;20.4;15.8;1004.3
7015;20240514120000;160;5.6;72;0;0;19.8;14.6;997.6
7015;20240515120000;110;2.6;69;4.6;8.6;17.7;11.9;1000.4
7015;20240516120000;260;5.1;86;15.3;16.1;15.3;13;999.7
7015;20240517120000;310;4.1;50;0;0;20.4;9.6;1004.3
7015;20240518120000;320;4.3;81;6.8;15.1;15.9;12.6;1007.3
7015;20240519120000;310;1.3;70;0.2;0.2;18.2;12.6;1007.8
7015;20240520120000;30;3;66;0;0;19.5;13;1006.5
7015;20240521120000;20;0.8;92;8.9;13.4;15.9;14.6;1002.9
7015;20240522120000;200;6.8;71;-0.1;1;18;12.7;1003.8
7015;20240523120000;210;3.8;72;0;-0.1;17.5;12.4;1010.1
7015;20240524120000;330;3.9;64;0;5.3;18;11.1;1013.1
7015;20240525120000;290;3.5;55;0;2.4;19.9;10.6;1011.8
7015;20240526120000;190;4.6;77;6.1;6.1;19.4;15.3;1007.2
7015;20240527120000;170;5.2;61;0;0.2;15.5;8;1012.2
7015;20240528120000;180;6.4;93;2;3.4;14.4;13.3;1010.8
7015;20240529120000;240;8.2;64;1.4;5;18.7;11.7;1005
7015;20240530120000;310;4.5;62;0;0;17.8;10.4;1002.6
7015;20240531120000;260;4;90;1.8;3.4;14.4;12.8;1007
7015;20240601120000;330;6.9;89;0.6;8.2;13.9;12.1;1015
7015;20240602120000;350;5.9;65;0;0.4;16.5;9.9;1019.4
7015;20240603120000;230;3;61;0;0;19;11.3;1015.3
7015;20240604120000;200;6.1;61;0;0;21;13.2;1006.7
7015;20240605120000;270;3.3;55;0.4;0.4;17.3;8.2;1008.6
7015;20240606120000;240;3.7;46;0;0;17.7;5.9;1012.4
7015;20240607120000;220;3.2;44;0;-0.1;19.6;7;1014.1
7015;20240608120000;250;5.5;65;0;0;17.3;10.7;1007.4
7015;20240609120000;280;5.2;42;0.2;0.2;19;5.8;1006.3
7015;20240610120000;310;9.6;77;10.9;10.9;11.8;7.9;1002.9
7015;20240611120000;240;2.6;75;3.8;5.2;12.6;8.3;1012.3
7015;20240612120000;330;1.9;48;0;2.2;16.2;5.2;1015.5
7015;20240613120000;230;5.5;55;0;0;17;7.9;1010.4
7015;20240614120000;210;5.8;72;1.8;2;17.5;12.4;1000.5
7015;20240615120000;190;9.2;60;3;9.8;17.2;9.4;999.4
7015;20240616120000;190;5.7;74;0.6;1.6;17.9;13.2;999.6
7015;20240617120000;270;3;61;0.8;0.8;19.1;11.4;1006.9
7015;20240618120000;10;2.6;93;8.3;8.3;17.3;16.2;1006.6
7015;20240619120000;40;5.1;63;0;8.4;19.4;12.2;1014.2
7015;20240620120000;20;5.5;66;0;0;19.8;13.3;1012.3
7015;20240621120000;290;3.4;82;0.4;0.4;17;13.9;1008.5
7015;20240622120000;200;3.4;61;0.4;1.2;19.3;11.6;1008.6
7015;20240623120000;250;2.4;53;0;0;22.6;12.5;1015
7015;20240624120000;60;1.8;49;0;0;25.7;14.2;1014.2
7015;20240625120000;30;3.9;47;0;0;27.6;15.3;1009.1
7015;20240626120000;70;1.7;44;0;0;29.6;16.1;1005.2
7015;20240627120000;240;4.5;50;-0.1;-0.1;27.5;16.1;1004
7015;20240628120000;240;4;52;0;0;21.2;10.9;1012.5
7015;20240629120000;40;2.8;49;0;0;24.1;12.7;1007.4
7015;20240630120000;260;4;54;0;-0.1;22.2;12.4;1006.7
7015;20240701120000;290;4.9;67;0;-0.1;17.3;11.1;1012.8
7015;20240702120000;300;4.8;79;-0.1;-0.1;16.5;12.8;1011.4
7015;20240703120000;190;3.9;76;-0.1;-0.1;16.8;12.5;1005.7
7015;20240704120000;270;7.1;48;0.2;0;19.5;8.2;1005.2
7015;20240705120000;220;6;71;0;0;17.9;12.6;1005.1
7015;20240706120000;250;12.1;48;0.6;0;18.5;7.3;999.4
7015;20240707120000;200;6.3;47;0;0;20.2;8.5;1007.4
7015;20240708120000;190;3.6;53;-0.1;-0.1;21.2;11.2;1011.6
7015;20240709120000;300;5.4;62;0.2;0.2;23.9;16.2;1007
7015;20240710120000;220;5.1;60;-0.1;5.3;21.3;13.2;1010.1
7015;20240711120000;280;2.8;50;0;0;21.6;10.7;1012.8
7015;20240712120000;340;4.4;92;16.3;16.9;16.4;15.1;1008.5
7015;20240713120000;280;5;58;0;0.6;18.9;10.5;1008.6
7015;20240714120000;240;4.5;46;0;0;22.7;10.5;1007.6
7015;20240715120000;100;3.8;46;0;0;24.9;12.5;1003.5
7015;20240716120000;230;5.6;77;0.2;1.8;18.5;14.4;1006.5
7015;20240717120000;210;3.5;53;0;0.4;23.9;13.7;1015.8
7015;20240718120000;140;2.1;42;0;0;27.1;13.1;1015.6
7015;20240719120000;150;1.3;44;0;0;29;15.5;1011.9
7015;20240720120000;230;2.3;47;0;0;28.5;16.1;1003.1
7015;20240721120000;290;3.8;60;-0.1;-0.1;23.9;15.7;1004.6
7015;20240722120000;220;5.6;58;0;-0.1;21.8;13.2;1013
7015;20240723120000;240;6.7;64;1.6;1.6;20.1;13.1;1012.7
7015;20240724120000;70;1.3;47;0.2;0.4;23.1;11.2;1016.5
7015;20240725120000;200;5.9;50;0;0;25.2;14;1007.2
7015;20240726120000;240;4.5;55;0.2;9.3;22.7;13.2;1006.9
7015;20240727120000;280;4.3;55;0;0;21.2;11.8;1009.2
7015;20240728120000;90;2.3;47;0;0;24.5;12.4;1020.6
7015;20240729120000;100;4.9;44;0;0;26.3;13.1;1015.7
7015;20240730120000;150;1.9;39;0;0;31.5;15.9;1010.3
7015;20240731120000;110;3.9;56;2.6;2.6;29;19.3;1008
7015;20240801120000;290;2.8;68;41.4;44.8;26.5;20.1;1006.5
7015;20240802120000;250;2.2;67;0;0;25.5;18.9;1006.7
7015;20240803120000;240;5.9;70;0;0;21.5;15.8;1008.4
7015;20240804120000;270;1.4;64;-0.1;12.2;22;14.9;1010.6
7015;20240805120000;220;3.9;51;0;0;24.6;13.8;1009.1
7015;20240806120000;210;2.6;47;0;0;26.6;14.4;1004.9
7015;20240807120000;250;3;51;-0.1;-0.1;23.1;12.4;1008.4
7015;20240808120000;230;2.3;51;0;-0.1;23.3;12.6;1011.8
7015;20240809120000;250;7.1;72;0.2;0.2;22.8;17.5;1010.7
7015;20240810120000;210;3.3;52;0;0;24.1;13.6;1015.7
7015;20240811120000;80;3.7;55;0;0;26.7;16.9;1014.7
7015;20240812120000;140;4.8;49;0;0;32.8;20.7;1003.4
7015;20240813120000;220;2.2;64;0.4;0.4;24.9;17.6;1005.1
7015;20240814120000;270;2.6;53;0;0;24.8;14.6;1007.9
7015;20240815120000;220;6.8;52;0;0;24.5;14;1011.5
7015;20240816120000;250;3.6;93;2.6;2.6;20.4;19.2;1010.8
7015;20240817120000;220;1.9;54;0.2;4.8;23.5;13.7;1007.9
7015;20240818120000;280;6.2;57;0;0;21.6;12.7;1009
7015;20240819120000;200;2.3;59;0.2;0.2;22.3;13.9;1012.9
7015;20240820120000;220;3.9;93;4.9;4.9;18.9;17.7;1005.7
7015;20240821120000;270;5.5;49;0.2;14.8;20.4;9.3;1014.4
7015;20240822120000;200;8.4;46;0;0;23;10.8;1005.6
7015;20240823120000;220;7.6;79;-0.1;-0.1;21.3;17.5;1003
7015;20240824120000;190;7.2;65;0.2;0.8;25.3;18.2;998.5
7015;20240825120000;230;5.8;54;0;9.1;20.5;10.9;1016.5
7015;20240826120000;210;5.4;46;0;0;22.1;9.9;1016.5
7015;20240827120000;140;2.2;45;0.2;0.2;23.9;11.2;1014.6
7015;20240828120000;160;3.9;49;0;0;28.2;16.5;1008.3
7015;20240829120000;280;3.1;54;0;0;24;14.1;1012.8
7015;20240830120000;50;5;54;0.6;1;21.7;12;1016.1
7015;20240831120000;50;5.1;67;0;0.6;22.6;16.2;1014.6
7015;20240901120000;90;4.1;63;0;0;29.4;21.6;1006.9
7015;20240902120000;200;4.6;57;0;0;25.5;16.4;1007.2
7015;20240903120000;240;2.1;87;0.8;0.8;19.2;17;1009.1
7015;20240904120000;150;1.3;77;0;0.4;19.6;15.5;1011.1
7015;20240905120000;100;4.4;92;0.2;0.2;18.7;17.4;1003
7015;20240906120000;250;3.2;92;8.7;8.7;17;15.7;1005.2
7015;20240907120000;120;3.2;71;0.2;7.7;23.1;17.6;1003.9
7015;20240908120000;190;7.5;63;0;0.2;19;11.8;1002.8
7015;20240909120000;280;8.1;93;1.8;8.9;16.2;15.1;1002.8
7015;20240910120000;210;7.6;78;0.2;0.4;16.6;12.7;1005.6
7015;20240911120000;250;8.1;46;1.4;6.8;16.5;4.8;1003.7
7015;20240912120000;300;7;54;-0.1;2.8;15.7;6.4;1009
7015;20240913120000;340;4.5;63;0;-0.1;16.3;9.2;1020.9
7015;20240914120000;190;1.6;42;0;-0.1;18.3;5.2;1026
7015;20240915120000;320;2.4;52;0;0;19;8.9;1022.4
7015;20240916120000;30;4;68;-0.1;-0.1;19.1;13.1;1020.9
